Region,IncomeGroup,SpecialNotes,Country Name,1991,1992,1993,1994,1995,1996,1997,1998,1999,2000,2001,2002,2003,2004,2005,2006,2007,2008,2009,2010,2011,2012,2013,2014,2015,2016,2017
South Asia,Low income,"Fiscal year end: March 20; reporting period for national accounts data is calendar year, estimated to insure consistency between national accounts and fiscal data. National accounts data are sourced from the IMF and differ from the Central Statistics Organization numbers due to exclusion of the opium economy.",Afghanistan,1.299999952,0.800000012,0.699999988,0.600000024,1.799999952,1,1,1,1,1,1.100000024,1.799999952,8.399999619,8.399999619,8.5,8.399999619,8.300000191,8.199999809,8.199999809,8.100000381,8.199999809,8,8.399999619,8.600000381,8.600000381,8.600000381,8.5
Sub-Saharan Africa,Lower middle income,,Angola,6.199999809,6.099999905,5.900000095,6.199999809,6.400000095,6.400000095,6.300000191,6.300000191,6.300000191,6.300000191,6.300000191,6.400000095,6.300000191,6.400000095,6.5,6.5,6.5,6.400000095,6.199999809,6.199999809,6.199999809,6.199999809,6.199999809,6.199999809,6.199999809,6.099999905,6.199999809
Europe & Central Asia,Upper middle income,,Albania,12.69999981,13.60000038,15,14.80000019,14.30000019,14.10000038,13.19999981,13.89999962,14.19999981,14.10000038,22.70000076,14.80000019,14,13.89999962,13.80000019,13,13.5,13,13.80000019,14.19999981,14,13.39999962,15.60000038,17.5,17.10000038,15.19999981,15
,,Arab World aggregate. Arab World is composed of members of the League of Arab States.,Arab World,12.56917221,12.89907891,13.59688081,13.73896108,14.56063311,14.12232184,13.58810285,13.34384433,12.1955471,12.8924532,12.82028703,13.01121734,13.46611749,12.56594603,11.85890974,11.08303312,10.68116781,10.29082006,9.978365361,9.963333978,11.0792063,11.35819814,11.28413575,11.37617534,11.26461419,11.24065997,11.0966818
Middle East & North Africa,High income,,United Arab Emirates,3.200000048,3.299999952,3.299999952,2.099999905,1.799999952,2.700000048,2.599999905,3.299999952,3.299999952,2.299999952,3.299999952,3.400000095,2.799999952,3.200000048,3.099999905,3.200000048,3.200000048,4,4.199999809,4.099999905,4.099999905,4.099999905,4.099999905,4,4,3.799999952,3.799999952
Latin America & Caribbean,Upper middle income,,Argentina,5.800000191,6.699999809,10.10000038,12.10000038,18.79999924,17.20000076,14.89999962,12.80000019,14.10000038,15,17.39999962,19.60000038,16,13.5,11.5,9.399999619,8.5,7.800000191,8.600000381,7.699999809,7.199999809,7.199999809,7.099999905,7.300000191,7.199999809,8.800000191,8.100000381
Europe & Central Asia,Lower middle income,,Armenia,18.89999962,17.89999962,18.5,17.70000076,17.79999924,18,16.60000038,17.20000076,17.5,17.79999924,17.79999924,17.60000038,17.5,17.29999924,17.10000038,16.89999962,16.60000038,16.39999962,18.70000076,19,18.39999962,17.29999924,16.20000076,17.60000038,18.29999924,17.60000038,17.39999962
East Asia & Pacific,High income,Fiscal year end: June 30; reporting period for national accounts data: FY. Value added current series updated by the Australian Bureau of Statistics; data revised from 1990 onward; Australia reports using SNA 2008.,Australia,9.600000381,10.69999981,10.89999962,9.699999809,8.5,8.5,8.399999619,7.699999809,6.900000095,6.300000191,6.699999809,6.400000095,5.900000095,5.400000095,5,4.800000191,4.400000095,4.199999809,5.599999905,5.199999809,5.099999905,5.199999809,5.699999809,6.099999905,6.099999905,5.699999809,5.699999809
Europe & Central Asia,High income,"A simple multiplier is used to convert the national currencies of EMU members to euros. The following irrevocable euro conversion rate was adopted by the EU Council on January 1, 1999: 1 euro = 13.7603 Austrian schilling. Please note that historical data before 1999 are not actual euros and are not comparable or suitable for aggregation across countries.",Austria,3.400000095,3.599999905,4.300000191,3.5,4.300000191,5.300000191,5.099999905,5.5,4.699999809,4.699999809,4,4.800000191,4.800000191,5.800000191,5.599999905,5.199999809,4.900000095,4.099999905,5.300000191,4.800000191,4.599999905,4.900000095,5.300000191,5.599999905,5.699999809,6,5.699999809
Europe & Central Asia,Upper middle income,,Azerbaijan,4.599999905,4.699999809,4.599999905,4.599999905,4.5,4.400000095,6.5,7.199999809,5.199999809,11.80000019,10.89999962,10,9.199999809,8,7.300000191,6.599999905,6.300000191,5.900000095,5.699999809,5.599999905,5.400000095,5.199999809,5,4.900000095,5,5,5.099999905
Sub-Saharan Africa,Low income,,Burundi,1.600000024,1.600000024,1.600000024,1.600000024,1.600000024,1.600000024,1.600000024,1.600000024,1.600000024,1.600000024,1.700000048,1.700000048,1.700000048,1.700000048,1.700000048,1.700000048,1.600000024,1.600000024,1.600000024,1.600000024,1.600000024,1.600000024,1.600000024,1.600000024,1.5,1.5,1.600000024
Europe & Central Asia,High income,"A simple multiplier is used to convert the national currencies of EMU members to euros. The following irrevocable euro conversion rate was adopted by the EU Council on January 1, 1999: 1 euro = 40.3399 Belgian franc. Please note that historical data before 1999 are not actual euros and are not comparable or suitable for aggregation across countries.",Belgium,7,6.699999809,8.100000381,9.600000381,9.300000191,9.5,9,9.300000191,8.600000381,6.599999905,6.199999809,6.900000095,7.699999809,7.400000095,8.399999619,8.199999809,7.5,7,7.900000095,8.300000191,7.099999905,7.5,8.399999619,8.5,8.5,7.800000191,7.400000095
Sub-Saharan Africa,Low income,,Benin,0.899999976,1.5,1.200000048,1.100000024,0.899999976,0.800000012,0.899999976,1,0.899999976,0.800000012,0.699999988,0.699999988,1.200000048,0.800000012,0.899999976,1,1,1.100000024,1.100000024,1,1,1,1.100000024,1,1,1.100000024,1
Sub-Saharan Africa,Low income,,Burkina Faso,2.799999952,2.400000095,3.099999905,2.599999905,2.599999905,2.5,2.299999952,2.5,2.5,2.700000048,2.400000095,3.299999952,2.400000095,3.200000048,4,2.299999952,3.299999952,3.299999952,3.299999952,3.299999952,3.299999952,3.299999952,3.299999952,3.299999952,3.299999952,3.099999905,3
South Asia,Lower middle income,Fiscal year end: June 30; reporting period for national accounts data: FY.,Bangladesh,2.200000048,3.799999952,2.400000095,2.900000095,3.599999905,2.5,5.099999905,2.700000048,4.599999905,3.299999952,3.299999952,3.400000095,4.300000191,4.5,4.199999809,4.5,4,3,5,4.5,4.5,4.5,4.300000191,4.199999809,4.199999809,4.099999905,4
Europe & Central Asia,Upper middle income,The new reference year for chain linked series is 2010.,Bulgaria,18.29999924,13.80000019,21.39999962,20,15.69999981,13.5,13.69999981,12.19999981,14.10000038,16.20000076,19.89999962,18.10000038,13.69999981,12,10.10000038,9,6.900000095,5.599999905,6.800000191,10.30000019,11.30000019,12.30000019,12.89999962,11.39999962,9.100000381,7.599999905,6
Middle East & North Africa,High income,,Bahrain,1.399999976,1.399999976,1.399999976,1.299999952,1.299999952,1.299999952,1.399999976,1.399999976,1.399999976,1.399999976,1.399999976,1.399999976,1.399999976,1.399999976,1.399999976,1.399999976,1.399999976,1.399999976,1.299999952,1.100000024,1.200000048,1.200000048,1.200000048,1.200000048,1.100000024,1.200000048,1.200000048
Latin America & Caribbean,High income,,"Bahamas, The",12.30000019,14.80000019,13.10000038,13.80000019,11.10000038,11.5,9.800000191,7.599999905,7.800000191,7.599999905,6.900000095,9.100000381,10.80000019,10.19999981,10.19999981,7.599999905,7.900000095,8.199999809,14.19999981,14.30000019,14.5,14,16.20000076,13.80000019,12,12.69999981,12.60000038
Europe & Central Asia,Upper middle income,,Bosnia and Herzegovina,17.60000038,20.79999924,19.39999962,19.70000076,20,20.29999924,20.70000076,21.10000038,21.5,22,28,23.70000076,19.70000076,23.79999924,21.70000076,31.10000038,28.89999962,23.29999924,24.10000038,27.20000076,27.60000038,28.10000038,27.39999962,27.5,26.29999924,26,25.79999924
Europe & Central Asia,Upper middle income,"In July 2016 a new Belarusian ruble was introduced, at a rate of 1 new ruble = 10,000 old rubles. Local currency values in this database are in new rubels.",Belarus,0.600000024,0.600000024,0.600000024,0.600000024,0.600000024,0.5,0.699999988,0.699999988,0.600000024,0.699999988,0.600000024,0.699999988,0.699999988,0.699999988,0.699999988,0.699999988,0.699999988,0.699999988,0.899999976,0.699999988,0.699999988,0.600000024,0.5,0.5,0.5,0.5,0.5
Latin America & Caribbean,Upper middle income,,Belize,3.799999952,5.599999905,9.800000191,11.10000038,12.5,13.80000019,12.69999981,14.30000019,12.80000019,10.80000019,9.100000381,10,10.10000038,10.19999981,11,9.399999619,8.5,8.199999809,12.80000019,13.19999981,13.60000038,14.30000019,11.69999981,11.60000038,10,10.89999962,11.39999962
Latin America & Caribbean,Lower middle income,,Bolivia,5.900000095,6,6,3.099999905,3.700000048,5.199999809,2.099999905,2.700000048,4.300000191,4.800000191,5.400000095,5.400000095,5.5,4.300000191,5.400000095,5.300000191,5.199999809,2.900000095,3.400000095,6,2.700000048,2.299999952,2.900000095,3.5,3.099999905,3.299999952,3.5
Latin America & Caribbean,Upper middle income,,Brazil,10.10000038,11.60000038,11,10.5,9.899999619,11.19999981,11.60000038,14.69999981,14.69999981,13.89999962,12.5,13,13.69999981,12.89999962,11.39999962,11.5,10.89999962,9.399999619,9.699999809,8.5,7.800000191,7.400000095,7.099999905,6.800000191,8.5,11.5,13.39999962
Latin America & Caribbean,High income,,Barbados,17.10000038,22.89999962,25.60000038,23,19.70000076,14.69999981,14.60000038,12.30000019,10.39999962,9.300000191,9.800000191,10.30000019,11,9.800000191,9.100000381,8.699999809,7.400000095,8.100000381,10,10.69999981,11.19999981,11.60000038,11.60000038,12.19999981,11.39999962,11.39999962,11.39999962
East Asia & Pacific,High income,National accounts revision is based on data from the Asian Development Bank and the IMF. Data have been revised from 2010-2015; the new base year is 2010.,Brunei Darussalam,4.699999809,5.300000191,6,5.5,5.099999905,4.699999809,6.800000191,6.300000191,4.599999905,4.599999905,4.699999809,4.599999905,4.599999905,5.599999905,5.599999905,5.599999905,5.699999809,6.699999809,6.599999905,4.599999905,4.800000191,5,6.300000191,7,6.900000095,6.5,6.400000095
South Asia,Lower middle income,,Bhutan,3.299999952,3.299999952,3.299999952,3.599999905,1.399999976,1.600000024,3.599999905,1.399999976,1.399999976,1.700000048,1.899999976,1.899999976,1.799999952,2.5,3.099999905,3.099999905,3.700000048,3.799999952,4,3.299999952,3.200000048,2,2.900000095,2.599999905,2.400000095,2.400000095,2.400000095
Sub-Saharan Africa,Upper middle income,"Fiscal year end: March 31; reporting period for national accounts data: CY. Based on official government statistics, national accounts data have been revised from 2006 onward; the new base year is 2006. Data before 2006 were reported on a fiscal year basis.",Botswana,13.80000019,15.69999981,17.5,21.20000076,21.70000076,21.5,20.5,20.79999924,18.29999924,15.80000019,18.5,21,23.79999924,22.10000038,20.5,17.79999924,18.39999962,12.89999962,15.39999962,17.89999962,17.60000038,17.39999962,17.5,17.10000038,16.79999924,17.70000076,18.10000038
Sub-Saharan Africa,Low income,The source of national accounts has changed to the International Monetary Fund. The base year has reverted back to 1985; the new reference year is 2005.,Central African Republic,6.099999905,6.099999905,6.099999905,6.300000191,6.199999809,6,6.300000191,6.199999809,6.199999809,6.099999905,6.199999809,6.199999809,6.099999905,6.199999809,6.199999809,6.199999809,6.199999809,6.199999809,6.199999809,6.199999809,6.199999809,6.199999809,5.599999905,6.099999905,6.199999809,6.400000095,6.400000095
North America,High income,Fiscal year end: March 31; reporting period for national accounts data: CY.,Canada,10.30000019,11.19999981,11.39999962,10.39999962,9.5,9.600000381,9.100000381,8.300000191,7.599999905,6.800000191,7.199999809,7.699999809,7.599999905,7.199999809,6.800000191,6.300000191,6,6.099999905,8.300000191,8.100000381,7.5,7.300000191,7.099999905,6.900000095,6.900000095,7,6.599999905
,,Central Europe and the Baltics aggregate.,Central Europe and the Baltics,9.903667582,10.06463202,11.51773268,11.74551999,10.78014158,10.13054125,9.173712722,8.915324489,10.36730624,12.43766445,13.25889252,13.74177502,12.97637646,12.93797139,12.04545046,10.09909919,7.803847591,6.599328343,8.507736303,9.901619541,9.781344858,9.98773378,10.04341272,8.951959295,7.811407594,6.510686894,5.744701128
Europe & Central Asia,High income,,Switzerland,1.799999952,2.799999952,3.700000048,3.900000095,3.299999952,3.700000048,4.199999809,3.599999905,3.099999905,2.700000048,2.5,2.900000095,4.099999905,4.300000191,4.400000095,4,3.700000048,3.400000095,4.099999905,4.5,4,4.199999809,4.400000095,4.5,4.5,4.599999905,4.5
Europe & Central Asia,High income,,Channel Islands,7.699999809,7.599999905,7.699999809,7.199999809,7.099999905,7.099999905,6.800000191,6.900000095,6.800000191,6.699999809,7.099999905,7.199999809,7.199999809,6.800000191,6.900000095,6.800000191,6.800000191,7.5,8.5,7.199999809,7.400000095,7.699999809,7.400000095,7.099999905,6.900000095,6.800000191,6.800000191
Latin America & Caribbean,High income,,Chile,5.300000191,4.400000095,4.5,5.900000095,4.699999809,6.300000191,6.099999905,6.300000191,9.800000191,9.199999809,9.100000381,8.899999619,8.5,8.800000191,8,7.699999809,7.099999905,7.800000191,9.699999809,8.100000381,7.099999905,6.400000095,5.900000095,6.400000095,6.199999809,6.699999809,6.900000095
East Asia & Pacific,Upper middle income,"On 1 July 1997 China resumed its exercise of sovereignty over Hong Kong; and on 20 December 1999 China resumed its exercise of sovereignty over Macao. Unless otherwise noted, data for China do not include data for Hong Kong SAR, China; Macao SAR, China; or Taiwan, China. National accounts have been revised from 2010-2015 based on the National Bureau of Statistics data and World Bank estimates. The new base year is 2010.",China,4.900000095,4.400000095,4.300000191,4.300000191,4.599999905,4.599999905,4.599999905,4.699999809,4.699999809,4.5,4.5,4.400000095,4.300000191,4.300000191,4.099999905,4,3.799999952,4.400000095,4.300000191,4.199999809,4.300000191,4.5,4.5,4.599999905,4.5,4.599999905,4.599999905
Sub-Saharan Africa,Lower middle income,,Cote d'Ivoire,8.899999619,9,9,9.100000381,9.199999809,9.300000191,9.199999809,9.199999809,9.199999809,9.100000381,9.100000381,9.100000381,9.100000381,9.199999809,9.199999809,9.199999809,9.199999809,9.199999809,9.199999809,9.199999809,9.100000381,9.399999619,9.399999619,9.399999619,9.399999619,9.300000191,9.199999809
Sub-Saharan Africa,Lower middle income,,Cameroon,5.599999905,5.599999905,5.599999905,5.599999905,4.199999809,8.100000381,8.100000381,8.100000381,6.099999905,6.5,7.5,5.900000095,6,5.099999905,4.400000095,3.700000048,2.900000095,3.200000048,3.5,4.099999905,4.099999905,4.099999905,4.099999905,4.099999905,4.099999905,4.300000191,4.5
Sub-Saharan Africa,Low income,WB-3 code changed from ZAR to COD to align with ISO code.,"Congo, Dem. Rep.",3.599999905,3.5,3.5,3.599999905,3.700000048,3.599999905,3.599999905,3.599999905,3.599999905,3.599999905,3.599999905,3.700000048,3.700000048,3.700000048,3.700000048,3.700000048,3.700000048,3.700000048,3.700000048,3.700000048,3.700000048,3.700000048,3.700000048,3.700000048,3.700000048,3.599999905,3.599999905
Sub-Saharan Africa,Lower middle income,,"Congo, Rep.",12.5,12.5,12.39999962,12.30000019,10.39999962,10.80000019,10.80000019,10.80000019,13.10000038,15.80000019,10.39999962,11.19999981,11.89999962,12.60000038,16.10000038,13.5,13,12.5,16.10000038,14.60000038,13.10000038,10,10,10.10000038,10,10.69999981,11.39999962
Latin America & Caribbean,Upper middle income,,Colombia,10.10000038,9.399999619,7.800000191,8.199999809,8.699999809,11.80000019,12.10000038,15,20.10000038,20.5,15,15.60000038,14.19999981,13.69999981,11.89999962,11.69999981,11.19999981,11.30000019,12.10000038,11.80000019,10.89999962,10.39999962,9.699999809,9.199999809,9,8.600000381,9.100000381
Sub-Saharan Africa,Low income,,Comoros,20,20.5,20.29999924,19.89999962,20.29999924,20.10000038,20.29999924,20.20000076,20.29999924,20.29999924,20.39999962,20.39999962,20.39999962,20.20000076,20.39999962,20.20000076,20.20000076,20.10000038,20.10000038,20.10000038,20,20,19.89999962,19.79999924,19.70000076,19.89999962,20.10000038
Sub-Saharan Africa,Lower middle income,Cabo Verde is the name for the country previously listed as Cape Verde. Value added is measured in basic prices.,Cabo Verde,11.19999981,11.19999981,11.19999981,11.19999981,11.10000038,11.10000038,11.10000038,11.10000038,11.19999981,11.19999981,11.10000038,11.10000038,11.19999981,11.10000038,11.19999981,11.19999981,11.10000038,11,10.69999981,10.69999981,10.69999981,10.60000038,10.5,10.39999962,10.39999962,10.60000038,10.69999981
Latin America & Caribbean,Upper middle income,National accounts are revised from 1991 to 2015 using SNA 2008 based on official government data. The new reference year is 2012.,Costa Rica,5.400000095,3.900000095,4,4,5.199999809,6.199999809,5.699999809,5.300000191,5.900000095,5.099999905,5.900000095,6.300000191,6.599999905,6.400000095,6.599999905,5.699999809,4.5,4.800000191,7.699999809,8.899999619,10.30000019,10.19999981,9.399999619,9.600000381,9.600000381,9,8.5
,,Caribbean small states aggregate.,Caribbean small states,15.44824911,16.39328875,16.60073904,15.75591912,15.26225812,14.92852022,14.8686554,14.07479752,13.88403799,13.17940807,12.5608425,12.69402628,11.43806899,10.80331445,10.29594842,8.979522003,8.543888065,9.438048537,10.3375978,11.0052709,10.85144384,11.36586364,11.93710661,11.12379186,10.92988709,11.06145994,11.09700184
Latin America & Caribbean,Upper middle income,"Based on official government statistics, the new reference year is 2005.",Cuba,4.300000191,4.300000191,4.5,4.300000191,8.300000191,7.599999905,7.099999905,6.199999809,6.300000191,5.400000095,4.099999905,3.299999952,2.299999952,1.899999976,1.899999976,1.899999976,1.799999952,1.600000024,1.700000048,2.5,3.200000048,3.5,3.299999952,2.700000048,2.400000095,2.5,2.599999905
Europe & Central Asia,High income,"A simple multiplier is used to convert the national currencies of EMU members to euros. The following irrevocable euro conversion rate entered into force on January 1, 2008: 1 euro = 0.585274 Cyprus pounds. Please note that historical data are not actual euros and are not comparable or suitable for aggregation across countries.",Cyprus,7.699999809,7.599999905,7.699999809,4.300000191,5.300000191,6.699999809,5.400000095,5.199999809,5.699999809,5,4,3.299999952,4.099999905,4.300000191,5.300000191,4.5,3.900000095,3.700000048,5.400000095,6.300000191,7.900000095,11.80000019,15.89999962,16.10000038,14.89999962,13,11.89999962
Europe & Central Asia,High income,,Czech Republic,2.299999952,3.299999952,4.300000191,4.300000191,4,3.900000095,4.300000191,5.900000095,8.5,8.800000191,8,7,7.5,8.199999809,7.900000095,7.099999905,5.300000191,4.400000095,6.699999809,7.300000191,6.699999809,7,7,6.099999905,5,4,3.400000095
Europe & Central Asia,High income,"A simple multiplier is used to convert the national currencies of EMU members to euros. The following irrevocable euro conversion rate was adopted by the EU Council on January 1, 1999: 1 euro = 1.95583 German mark. Please note that historical data before 1999 are not actual euros and are not comparable or suitable for aggregation across countries.",Germany,5.300000191,6.300000191,7.699999809,8.699999809,8.199999809,8.800000191,9.899999619,9.800000191,8.899999619,7.900000095,7.800000191,8.5,9.800000191,10.69999981,11.19999981,10.19999981,8.699999809,7.5,7.699999809,7,5.800000191,5.400000095,5.199999809,5,4.599999905,4.099999905,3.799999952
Middle East & North Africa,Lower middle income,,Djibouti,6.5,6.5,6.400000095,6.400000095,6.400000095,6.400000095,6.400000095,6.400000095,6.400000095,6.300000191,6.300000191,6.300000191,6.300000191,6.199999809,6.199999809,6.199999809,6.199999809,6.199999809,6.099999905,6.099999905,6.199999809,6.099999905,6,6,6,6,6.099999905
Europe & Central Asia,High income,,Denmark,9.100000381,9,10.69999981,8,7,6.800000191,5.400000095,5,5.099999905,4.5,4.199999809,4.300000191,5.400000095,5.199999809,4.800000191,3.900000095,3.799999952,3.400000095,6,7.5,7.599999905,7.5,7,6.599999905,6.199999809,6.199999809,6.300000191
Latin America & Caribbean,Upper middle income,,Dominican Republic,14.39999962,14.10000038,13.69999981,13.80000019,13.80000019,13.39999962,13.10000038,13.19999981,13.10000038,13.30000019,13.30000019,13.30000019,13.39999962,13.5,13.39999962,13.30000019,13.19999981,12.89999962,13,12.39999962,14.69999981,14.69999981,15,14.5,14.5,14.10000038,13.80000019
Middle East & North Africa,Upper middle income,The new base year is 1999.,Algeria,20.60000038,23,23.20000076,24.39999962,27.89999962,29.29999924,25.39999962,25.60000038,25.89999962,29.79999924,27.29999924,25.89999962,23.70000076,17.70000076,15.30000019,12.30000019,13.80000019,11.30000019,10.19999981,10,10,11,9.800000191,10.60000038,11.19999981,11.5,11.69999981
,,East Asia and Pacific regional aggregate (does not include high-income economies).,East Asia & Pacific (excluding high income),4.527042866,4.122065511,4.189508911,4.504952291,4.28425974,4.309733441,4.377438747,4.645296777,4.711017097,4.582147202,4.806113525,4.789134717,4.769771107,4.805700085,4.665689388,4.51180711,4.2296553,4.581222508,4.495641152,4.32080161,4.379209886,4.35654628,4.391273487,4.402510477,4.349598657,4.353152458,4.361428388
,,Early-dividend countries are mostly lower-middle-income countries further along the fertility transition. Fertility rates have fallen below four births per woman and the working-age share of the population is likely rising considerably.,Early-demographic dividend,5.302937515,5.413968133,5.699875343,5.786876701,5.797587318,5.857435464,6.091131299,5.827368048,6.20389485,6.250892602,6.516977075,6.914659116,6.761747194,6.565892272,6.70218206,6.317860176,5.817685041,5.782987433,5.998584415,5.74829051,5.83450906,5.695112787,5.643527343,5.580146141,5.606118491,5.600092837,5.648485996
,,East Asia and Pacific regional aggregate (includes all income levels).,East Asia & Pacific,4.337204083,3.998982166,4.088351894,4.375821053,4.184189036,4.22461005,4.294332067,4.672466744,4.756042801,4.590555451,4.818087355,4.824299228,4.802474472,4.786436293,4.633390633,4.466058231,4.187608374,4.508655755,4.540229477,4.369418573,4.371364229,4.335263172,4.352349549,4.350188839,4.289491925,4.275368866,4.276013895
,,Europe and Central Asia regional aggregate (does not include high-income economies).,Europe & Central Asia (excluding high income),9.814521149,7.68249368,7.655263889,8.713361416,8.843488324,9.110103512,10.10190467,11.05878748,11.19354659,10.21306355,9.733298256,9.34878238,9.201479016,9.057340076,8.497290485,8.222280916,7.524024432,7.487708079,9.190867655,8.592538939,8.050058916,7.499945519,7.539194796,7.709402366,7.802979269,7.709587155,7.681467999
,,Europe and Central Asia regional aggregate (includes all income levels).,Europe & Central Asia,9.100028449,8.491005162,9.23683493,10.0443966,9.831473248,10.00446364,10.32706315,10.45719661,10.32604798,9.605204291,8.988694541,8.988005524,9.051827865,9.080891137,8.689341766,8.143963969,7.280767484,7.184113431,9.002448186,9.088711283,8.850471788,9.073000153,9.291556184,9.014396353,8.613242705,8.133421205,7.816689765
Latin America & Caribbean,Upper middle income,,Ecuador,5.800000191,8.899999619,8.300000191,7.099999905,6.900000095,10.39999962,9.199999809,11.5,14.39999962,9,10.69999981,9.100000381,11.39999962,8.600000381,7.699999809,7.699999809,6.099999905,7.300000191,6.5,5,4.199999809,4.099999905,4.199999809,3.799999952,4.800000191,4.699999809,5.199999809
Middle East & North Africa,Lower middle income,Fiscal year end: June 30; reporting period for national accounts data: FY.,"Egypt, Arab Rep.",9.600000381,9,10.89999962,11,11.30000019,9,8.399999619,8,8,9,9.300000191,10,11,10.30000019,11.19999981,10.5,8.800000191,8.699999809,9.399999619,9,12,12.69999981,13.19999981,13.19999981,12.80000019,12.10000038,11.60000038
,,Euro area aggregate.,Euro area,8.6058728,9.074040834,10.68731525,11.75145963,11.39872172,11.73990048,11.77294501,11.30346991,10.55608893,9.505019673,8.443696547,8.707180746,9.066269729,9.334251825,9.025327161,8.325289314,7.471680421,7.509270148,9.52238537,10.13015762,10.18148644,11.36822576,11.9924083,11.59754947,10.83745138,10.00274926,9.380789669
Sub-Saharan Africa,Low income,,Eritrea,6.5,6.5,6.699999809,6.699999809,6.900000095,6.699999809,6.800000191,6.800000191,6.800000191,6.800000191,6.599999905,7,6.900000095,6.800000191,6.800000191,6.699999809,6.699999809,6.5,6.699999809,6.599999905,6.599999905,6.599999905,6.400000095,6.400000095,6.400000095,6.5,6.599999905
Europe & Central Asia,High income,"A simple multiplier is used to convert the national currencies of EMU members to euros. The following irrevocable euro conversion rate was adopted by the EU Council on January 1, 1999: 1 euro = 166.386 Spanish peseta. Please note that historical data before 1999 are not actual euros and are not comparable or suitable for aggregation across countries.",Spain,15.89999962,17.70000076,22.20000076,24.20000076,22.70000076,22.10000038,20.70000076,18.70000076,15.5,13.80000019,10.30000019,11.10000038,11.30000019,11.10000038,9.100000381,8.5,8.199999809,11.30000019,17.89999962,19.89999962,21.39999962,24.79999924,26.10000038,24.39999962,22.10000038,19.60000038,17.39999962
Europe & Central Asia,High income,"A simple multiplier is used to convert the national currencies of EMU members to euros. The following irrevocable euro conversion rate entered into force on January 1, 2011: 1 euro = 15.6466 Estonian kroon. Please note that historical data are not actual euros and are not comparable or suitable for aggregation across countries.",Estonia,1.5,3.700000048,6.5,7.599999905,9.699999809,9.899999619,10.39999962,9.5,11.60000038,13.39999962,13.10000038,10,11.30000019,10.19999981,8,5.900000095,4.599999905,5.5,13.5,16.70000076,12.30000019,10,8.600000381,7.400000095,6.199999809,6.800000191,7.300000191
Sub-Saharan Africa,Low income,Fiscal year end: July 7; reporting period for national accounts data: FY.,Ethiopia,5.5,5.400000095,5.400000095,5.400000095,5.400000095,5.400000095,6.199999809,7.199999809,8.199999809,5.199999809,7.099999905,6.400000095,5.800000191,5.300000191,5.400000095,5.300000191,5.300000191,5.199999809,5.099999905,5.199999809,5.199999809,5.900000095,5,5,5,5.199999809,5.400000095
,,European Union aggregate.,European Union,8.682168055,9.283793757,10.75619008,11.3407359,10.77871629,10.76253903,10.46586907,9.962907085,9.71641255,9.335624706,8.691095847,9.019144611,9.098180121,9.260166588,8.952929641,8.212827624,7.193349176,7.005817819,8.900904627,9.57399884,9.638830325,10.47161912,10.85485871,10.20235971,9.382318571,8.527168775,7.96378439
,,"Fragile and conflict affected situations aggregate. Countries with fragile situations are primarily International Development Association-eligible countries and nonmember or inactive countries and territories with a 3.2 or lower harmonized average of the World Bank's Country Policy and Institutional Assessment rating and the corresponding rating by a regional development bank, or that have had a UN or regional peacebuilding and political mission (for example by the African Union, European Union, or Organization of American States) or peacekeeping mission (for example, by the African Union, European Union, North Atlantic Treaty Organization, or Organization of American States) during the last three years. The group excludes IBRD countries (for which the CPIA scores are not publically disclosed); unless there is the presence of a peace-keeping or political/peacebuilding mission. This definition is pursuant to an agreement between the World Bank and other multilateral development banks at the start of the International Development Association 15 round in 2007. The list of countries and territories with fragile situations is imperfect and used here to reflect a complex concept. The World Bank continues to work with partners and client countries to refine the concept.",Fragile and conflict affected situations,7.446707564,7.530147652,7.84980762,7.568179804,7.655811921,8.08657857,8.06385764,7.81681773,7.530886277,7.523270916,7.743358111,7.91500058,8.518679963,8.7498812,8.468345931,8.500741138,8.638454664,8.552804781,8.285070715,8.315263418,8.385157845,8.36487234,8.415878132,8.620498207,8.689443243,8.66343307,8.579608408
Europe & Central Asia,High income,"A simple multiplier is used to convert the national currencies of EMU members to euros. The following irrevocable euro conversion rate was adopted by the EU Council on January 1, 1999: 1 euro = 5.94573 Finnish markka. Please note that historical data before 1999 are not actual euros and are not comparable or suitable for aggregation across countries.",Finland,6.5,11.60000038,16.20000076,16.39999962,17,15.60000038,15,13.19999981,11.69999981,11.10000038,10.30000019,10.39999962,10.5,10.39999962,8.399999619,7.699999809,6.900000095,6.400000095,8.199999809,8.399999619,7.800000191,7.699999809,8.199999809,8.699999809,9.399999619,8.800000191,8.600000381
East Asia & Pacific,Upper middle income,National accounts have been revised from 2011 to 2015 based on the Fiji Bureau of Statistics and World Bank estimates. The new base year is 2011.,Fiji,5.900000095,5.400000095,5.900000095,5.699999809,5.400000095,5.800000191,6.400000095,8.899999619,8.899999619,8,6.5,8.399999619,8.5,4.699999809,4.599999905,6.5,8.600000381,8.800000191,8.699999809,8.899999619,9,9,8.899999619,8.899999619,8.899999619,8.399999619,8.100000381
Europe & Central Asia,High income,"A simple multiplier is used to convert the national currencies of EMU members to euros. The following irrevocable euro conversion rate was adopted by the EU Council on January 1, 1999: 1 euro = 6.55957 French franc. Please note that historical data before 1999 are not actual euros and are not comparable or suitable for aggregation across countries.",France,9.100000381,10.19999981,11.30000019,12.60000038,12,12.80000019,13.10000038,12.60000038,12.5,10.69999981,9.100000381,9.199999809,8.800000191,9.399999619,8.899999619,8.899999619,8.100000381,7.5,9.100000381,9.300000191,9.199999809,9.800000191,10.39999962,10.30000019,10.39999962,10.10000038,9.899999619
Sub-Saharan Africa,Upper middle income,,Gabon,21.60000038,19.10000038,17.79999924,17.70000076,19,17.5,20.39999962,17.39999962,17.20000076,17.10000038,17,16.89999962,16.89999962,16.70000076,16.89999962,16.79999924,16.70000076,16.60000038,18.20000076,20.39999962,20.39999962,20.20000076,20.20000076,20.10000038,20,19,18.5
Europe & Central Asia,High income,,United Kingdom,8.600000381,9.800000191,10.30000019,9.600000381,8.699999809,8.199999809,7.099999905,6.199999809,6,5.599999905,4.699999809,5,4.800000191,4.599999905,4.800000191,5.400000095,5.300000191,5.599999905,7.5,7.800000191,8,7.900000095,7.5,6.099999905,5.300000191,4.800000191,4.699999809
Europe & Central Asia,Lower middle income,Value added data in constant prices before 2007 have been temporarily removed until revised series become available. Constant price expenditure estimates before 2011 have been deleted.,Georgia,12.5,12.30000019,12.19999981,12.60000038,12.10000038,12.39999962,12.30000019,14.5,13.80000019,10.80000019,11.19999981,12.60000038,11.5,12.60000038,13.80000019,13.60000038,13.30000019,16.5,16.79999924,16.29999924,15.10000038,15,14.60000038,12.39999962,12,11.69999981,11.5
Sub-Saharan Africa,Lower middle income,,Ghana,6.099999905,4.699999809,5.199999809,6.199999809,7.800000191,8.5,7.699999809,8.199999809,10.10000038,10.39999962,7.599999905,9.199999809,6.5,5.300000191,4.900000095,3.599999905,9.399999619,5.599999905,8.399999619,4.199999809,4,4.099999905,5.199999809,5.099999905,5.099999905,5.5,5.800000191
Sub-Saharan Africa,Low income,,Guinea,6.099999905,6.099999905,6.199999809,6.199999809,6.199999809,6.199999809,6.199999809,6.199999809,6.199999809,6.199999809,6.300000191,6.300000191,6.300000191,6.300000191,6.300000191,6.300000191,6.300000191,6.400000095,6.300000191,6.300000191,6.300000191,6.300000191,6.400000095,6.400000095,6.300000191,6.300000191,6.300000191
Sub-Saharan Africa,Low income,Fiscal year end: June 30; reporting period for national accounts data: CY.,"Gambia, The",29.29999924,29.20000076,29.29999924,28.89999962,29.29999924,29.39999962,29.5,29.89999962,30,30,30,29.60000038,30.10000038,30,29.60000038,29.60000038,29.70000076,29.79999924,29.79999924,29.79999924,29.29999924,29.79999924,29.70000076,29.60000038,29.70000076,29.70000076,29.79999924
Sub-Saharan Africa,Low income,,Guinea-Bissau,6.199999809,6.099999905,6.099999905,6.199999809,6.199999809,6.199999809,6.300000191,5.900000095,6.400000095,6.199999809,6.199999809,6.199999809,6.199999809,6.199999809,6.300000191,6.199999809,6.199999809,6.199999809,6.199999809,6.199999809,6.199999809,6.099999905,6.099999905,6,6.099999905,6.099999905,6.099999905
Sub-Saharan Africa,Upper middle income,,Equatorial Guinea,6.099999905,6.599999905,6.199999809,6.300000191,6.400000095,7.199999809,9,6.599999905,6.599999905,7.800000191,7.300000191,6.5,6.400000095,6.800000191,6.199999809,6.099999905,6.300000191,6.400000095,6,5.800000191,6.099999905,6.099999905,5.900000095,5.900000095,5.800000191,6.199999809,6.699999809
Europe & Central Asia,High income,"A simple multiplier is used to convert the national currencies of EMU members to euros. The following irrevocable euro conversion rate was adopted by the EU Council on January 1, 1999: 1 euro = 340.75 Greek drachma. Please note that historical data before 1999 are not actual euros and are not comparable or suitable for aggregation across countries.",Greece,7.699999809,7.800000191,8.600000381,8.899999619,9.100000381,9.699999809,9.600000381,10.80000019,11.89999962,11.19999981,10.5,10,9.399999619,10.30000019,10,9,8.399999619,7.800000191,9.600000381,12.69999981,17.89999962,24.39999962,27.5,26.5,24.89999962,23.5,23.10000038
Latin America & Caribbean,Lower middle income,,Guatemala,3.200000048,2.400000095,2.799999952,3.099999905,2.700000048,3.700000048,2.599999905,2.5,1.899999976,1.399999976,1.299999952,3.099999905,3.400000095,3.099999905,2.5,1.799999952,2.5,2.799999952,3.099999905,3.700000048,4.099999905,2.900000095,3,2.900000095,2.400000095,2.700000048,2.599999905
East Asia & Pacific,High income,,Guam,3.5,3.900000095,5.5,7.599999905,7.900000095,8.300000191,9.600000381,7.699999809,14.60000038,15.30000019,13.30000019,11.39999962,9.399999619,7.699999809,7,7.400000095,8.300000191,9,9.300000191,8.199999809,13.30000019,12.19999981,11.5,7.599999905,6.900000095,5.400000095,6.5
Latin America & Caribbean,Upper middle income,,Guyana,12,11.89999962,11.60000038,11.19999981,11,11.19999981,11.5,11.5,11.39999962,11.39999962,11.39999962,11.80000019,11.60000038,11.39999962,10.39999962,10.69999981,10.39999962,11.19999981,11,10.80000019,10.80000019,11,11.10000038,11.5,11.69999981,11.60000038,11.5
,,"High income group aggregate. High-income economies are those in which 2015 GNI per capita was $12,476 or more.",High income,6.803626351,7.356047114,7.836475179,7.83436885,7.414135915,7.444969087,7.205049722,7.136890041,6.946179333,6.535171982,6.511368048,7.039066327,7.185153878,6.993264487,6.679238427,6.127065808,5.618456765,5.89742206,8.004359045,8.277526985,7.937820792,8.004673667,7.908043428,7.283344376,6.670034644,6.20629006,5.964765716
East Asia & Pacific,High income,"On 1 July 1997 China resumed its exercise of sovereignty over Hong Kong. Unless otherwise noted, data for China do not include data for Hong Kong SAR, China; Macao SAR, China; or Taiwan, China. Agriculture value added includes mining and quarrying.","Hong Kong SAR, China",1.799999952,2,2,1.899999976,3.200000048,2.799999952,2.200000048,4.599999905,6.199999809,4.900000095,5.099999905,7.300000191,7.900000095,6.699999809,5.599999905,4.800000191,4,3.599999905,5.300000191,4.300000191,3.400000095,3.299999952,3.400000095,3.299999952,3.299999952,3.400000095,3.5
Latin America & Caribbean,Lower middle income,,Honduras,4.599999905,3.200000048,3.200000048,3.200000048,3.200000048,4.400000095,3.299999952,4,3.900000095,3.900000095,4.099999905,3.900000095,5.199999809,6,4.199999809,3.099999905,2.900000095,3.099999905,3.299999952,4.800000191,4.400000095,3.900000095,3.900000095,5.5,7.400000095,6.300000191,5.699999809
,,Heavily indebted poor countries aggregate.,Heavily indebted poor countries (HIPC),6.618608489,6.558108689,6.631094825,6.641490064,6.527399254,6.730721628,6.539466213,6.810279435,6.950037817,6.640450434,6.901377403,6.733036559,6.689099165,6.568871506,6.610294332,6.487981565,6.685544282,6.260673457,6.372040779,6.262638875,6.23539462,5.980697093,5.914058824,5.99492335,6.074619043,6.134955044,6.173567781
Europe & Central Asia,Upper middle income,,Croatia,11.10000038,10.5,9.899999619,10.5,10.39999962,10,9.899999619,11,13.30000019,15.89999962,16,15.10000038,13.89999962,13.69999981,12.60000038,11.10000038,9.899999619,8.5,9.199999809,11.60000038,13.69999981,15.89999962,17.29999924,17.29999924,16.29999924,13.10000038,11.5
Latin America & Caribbean,Low income,Fiscal year end: September 30; reporting period for national accounts data: FY.,Haiti,13,13.39999962,13.80000019,14.80000019,11.30000019,12.10000038,12.30000019,12.30000019,7.199999809,8.100000381,9.100000381,10.19999981,11.5,12.80000019,14.19999981,15.69999981,16.79999924,15.89999962,15,14.5,14,14.10000038,13.89999962,14,14.10000038,13.69999981,13.39999962
Europe & Central Asia,High income,,Hungary,10.10000038,9.899999619,12.10000038,10.80000019,10.19999981,10,9,8.899999619,6.900000095,6.599999905,5.699999809,5.599999905,5.800000191,5.800000191,7.199999809,7.5,7.400000095,7.800000191,10,11.19999981,11,11,10.19999981,7.699999809,6.800000191,5.099999905,4.199999809
,,IBRD only group aggregate.,IBRD only,6.001010558,5.608225471,5.723361991,5.873120821,5.933883914,6.025383117,6.15919945,6.417156128,6.639171022,6.519961391,6.454198747,6.570563376,6.479327732,6.335342691,6.163248118,5.910465444,5.44380313,5.610514771,5.790932843,5.534476441,5.511645332,5.43650382,5.403363527,5.396441008,5.448938294,5.600848376,5.710922844
,,"IDA and IBRD total group aggregate (includes IDA only, IDA blend, and IBRD only).",IDA & IBRD total,5.938127234,5.637772273,5.705545589,5.831053196,5.911580319,6.023478608,6.153867853,6.324873566,6.537182907,6.432391488,6.43356078,6.519416379,6.471557818,6.330982383,6.199072475,5.95801009,5.567367724,5.643065037,5.854250915,5.642314835,5.651156007,5.566861734,5.528385647,5.466497667,5.515373132,5.651024128,5.746728883
,,IDA total group aggregate (includes IDA only and IDA blend).,IDA total,5.615793349,5.787867921,5.615961147,5.621919923,5.801980924,6.014225734,6.128294176,5.887448372,6.05869852,6.026771807,6.339093027,6.287738683,6.43677248,6.3116446,6.356096925,6.162645916,6.091028329,5.778697517,6.113226098,6.076275219,6.203081725,6.073343754,6.005899477,5.729603822,5.759971723,5.832373469,5.873593475
,,IDA blend group aggregate.,IDA blend,6.605651071,6.477574668,6.185841099,6.034614369,6.214686628,6.882577177,6.383977506,6.530914465,6.487928901,7.20650526,7.560076057,7.501709604,7.770465517,7.419879951,7.577233034,6.979732396,6.59118782,6.583821508,6.946125269,7.091629528,7.183229451,7.214583543,7.112526863,6.166727019,6.113026296,6.279334208,6.419924893
East Asia & Pacific,Lower middle income,Fiscal year end: March 31; reporting period for national accounts data: CY. Data for Indonesia include Timor-Leste through 1999 unless otherwise noted. Statistics Indonesia revised national accounts based on SNA2008. The new base year is 2010. Price valuation is in basic prices.,Indonesia,2.599999905,2.799999952,4.199999809,8,3.599999905,4.400000095,4.699999809,5.5,6.300000191,6.099999905,8.100000381,9.100000381,9.5,9.899999619,11.19999981,10.30000019,9.100000381,8.399999619,7.900000095,7.099999905,7.5,6.099999905,6.199999809,5.900000095,6,5.599999905,5.599999905
,,IDA only group aggregate.,IDA only,5.184541454,5.488183228,5.370003842,5.443896278,5.626011641,5.643257375,6.018782719,5.612593344,5.87547551,5.521976294,5.818072296,5.769826513,5.865784311,5.83596973,5.829257656,5.807063732,5.873532053,5.428611897,5.749030493,5.638075945,5.77954015,5.578842397,5.525165409,5.539906418,5.605808157,5.635920897,5.63418606
South Asia,Lower middle income,Fiscal year end: March 31; reporting period for national accounts data: FY. Based on official government statistics; the new base year is 2011/12. India reports using SNA 2008.,India,4.099999905,4.099999905,4.300000191,3.700000048,4,4,4.400000095,3.799999952,4.199999809,4.300000191,4,4.300000191,3.900000095,3.900000095,4.400000095,4.300000191,3.700000048,4.099999905,3.900000095,3.599999905,3.700000048,3.700000048,3.599999905,3.5,3.5,3.5,3.599999905
Europe & Central Asia,High income,"A simple multiplier is used to convert the national currencies of EMU members to euros. The following irrevocable euro conversion rate was adopted by the EU Council on January 1, 1999: 1 euro = 0.787564 Irish pound. Please note that historical data before 1999 are not actual euros and are not comparable or suitable for aggregation across countries.",Ireland,15.80000019,15,15.60000038,14.60000038,12,11.69999981,10.19999981,7.699999809,5.800000191,4.300000191,3.700000048,4.199999809,4.5,4.5,4.300000191,4.400000095,4.699999809,6.400000095,12,13.89999962,14.60000038,14.69999981,13,11.30000019,9.399999619,7.900000095,6.199999809
Middle East & North Africa,Upper middle income,"Fiscal year end: March 20; reporting period for national accounts data: FY. Based on data from the Central Bank of Iran, the new base year is 2004/05.","Iran, Islamic Rep.",11.10000038,12.30000019,12.19999981,11.30000019,11.69999981,12.80000019,11.69999981,11.69999981,11.60000038,11.80000019,12.30000019,12.80000019,12.19999981,10.30000019,12.10000038,11.30000019,10.60000038,10.5,12,13.5,12.30000019,12.19999981,10.39999962,10.60000038,11.10000038,11.39999962,11.39999962
Middle East & North Africa,Upper middle income,"Based on official government statistics, the new base year is 2007.",Iraq,16.10000038,18.29999924,18.89999962,17.39999962,17,18.60000038,17.79999924,18,17.70000076,16.89999962,16.70000076,16.60000038,28.10000038,26.79999924,18,17.5,16.89999962,15.30000019,15.19999981,15.19999981,15.19999981,15.30000019,15.10000038,15,15,15.10000038,14.80000019
Europe & Central Asia,High income,,Iceland,2.5,4.300000191,5.300000191,5.300000191,5.199999809,3.599999905,3.700000048,3.099999905,2.200000048,1.899999976,1.899999976,3,4,4,2.5,2.799999952,2.299999952,2.900000095,7.199999809,7.599999905,7,6,5.400000095,4.900000095,4,3,2.700000048
Middle East & North Africa,High income,,Israel,13.39999962,14.10000038,12.69999981,9.899999619,8.800000191,8.5,9.800000191,10.69999981,11.19999981,11.10000038,11.80000019,12.89999962,13.5,13,11.30000019,10.69999981,9.399999619,7.699999809,9.5,8.5,7.099999905,6.900000095,6.199999809,5.900000095,5.300000191,4.800000191,5.199999809
Europe & Central Asia,High income,"A simple multiplier is used to convert the national currencies of EMU members to euros. The following irrevocable euro conversion rate was adopted by the EU Council on January 1, 1999: 1 euro = 1936.27 Italian lira. Please note that historical data before 1999 are not actual euros and are not comparable or suitable for aggregation across countries.",Italy,10.10000038,9.300000191,10.19999981,11.10000038,11.69999981,11.89999962,12,12.10000038,11.69999981,10.80000019,9.600000381,9.199999809,8.899999619,7.900000095,7.699999809,6.800000191,6.099999905,6.699999809,7.699999809,8.399999619,8.399999619,10.69999981,12.10000038,12.69999981,11.89999962,11.69999981,11.60000038
Latin America & Caribbean,Upper middle income,,Jamaica,15.69999981,15.39999962,16.29999924,15.39999962,16.20000076,16,16.5,15.5,15.69999981,15.5,15,14.30000019,11.69999981,11.39999962,10.89999962,9.600000381,9.300000191,10.60000038,11.39999962,12.39999962,12.69999981,13.69999981,15.19999981,13.69999981,13.5,13.19999981,13
Middle East & North Africa,Lower middle income,,Jordan,14.39999962,14.60000038,19.70000076,18.29999924,14.60000038,13.69999981,13.5,13.10000038,12.80000019,13.69999981,15.80000019,16.20000076,15.39999962,15.39999962,14.80000019,14,13.10000038,12.69999981,12.89999962,12.5,12.89999962,12.19999981,12.60000038,11.89999962,13.10000038,15.30000019,14.89999962
East Asia & Pacific,High income,Fiscal year end: March 31; reporting period for national accounts data: CY.,Japan,2.099999905,2.200000048,2.5,2.900000095,3.200000048,3.400000095,3.400000095,4.099999905,4.699999809,4.699999809,5,5.400000095,5.300000191,4.699999809,4.400000095,4.099999905,3.900000095,4,5.099999905,5.099999905,4.5,4.300000191,4,3.599999905,3.400000095,3.099999905,2.900000095
Europe & Central Asia,Upper middle income,,Kazakhstan,3.099999905,11.80000019,1.100000024,7.5,11,13,13,13.10000038,13.5,12.80000019,10.39999962,9.300000191,8.800000191,8.399999619,8.100000381,7.800000191,7.300000191,6.599999905,6.599999905,5.800000191,5.400000095,5.300000191,5.199999809,5.099999905,5,5,5.400000095
Sub-Saharan Africa,Lower middle income,Fiscal year end: June 30; reporting period for national accounts data: CY.,Kenya,10.5,10.39999962,10.39999962,9.300000191,9.600000381,10,10.39999962,10.80000019,8.100000381,8.600000381,9.199999809,9.800000191,10.39999962,10.60000038,10.69999981,10.89999962,11.10000038,11.19999981,12.19999981,12.19999981,12.10000038,12,11.89999962,11.89999962,11.89999962,11.30000019,11
Europe & Central Asia,Lower middle income,,Kyrgyz Republic,8.699999809,8.899999619,9.199999809,9.5,9.899999619,10.19999981,8.199999809,9.600000381,7.800000191,7.5,7.800000191,12.60000038,9.899999619,8.5,8.100000381,8.300000191,8.199999809,8.199999809,8.399999619,8.600000381,8.5,8.399999619,8.300000191,8,7.599999905,7.699999809,7.800000191
East Asia & Pacific,Lower middle income,,Cambodia,0.100000001,0.5,0.5,2.900000095,0.200000003,0.800000012,0.699999988,0.5,0.5,2.5,1.799999952,1,3.099999905,1.899999976,1.600000024,1.399999976,0.899999976,0.400000006,0.200000003,0.400000006,0.200000003,0.200000003,0.300000012,0.100000001,0.100000001,0.200000003,0.300000012
East Asia & Pacific,High income,The new base year is 2010. GDP data are available from 1970 onward while components are revised from 2000 onward only. Historical data in constant prices are linked to preserve growth rates.,"Korea, Rep.",2.400000095,2.5,2.900000095,2.5,2.099999905,2,2.599999905,7,6.300000191,4.400000095,4,3.299999952,3.599999905,3.700000048,3.700000048,3.5,3.200000048,3.200000048,3.599999905,3.700000048,3.400000095,3.200000048,3.099999905,3.5,3.599999905,3.700000048,3.700000048
Middle East & North Africa,High income,Fiscal year end: June 30; reporting period for national accounts data: CY.,Kuwait,1,0.899999976,0.800000012,0.699999988,2.099999905,0.699999988,0.699999988,0.699999988,0.699999988,0.800000012,0.800000012,1.100000024,1.299999952,1.700000048,2,1.299999952,1.5,1.799999952,1.600000024,1.799999952,3.599999905,3.5,3.400000095,3.299999952,3.299999952,2.700000048,2.400000095
,,Latin America and Caribbean regional aggregate (does not include high-income economies).,Latin America & Caribbean (excluding high income),7.789982333,8.507736978,8.273112823,8.462930495,9.540268916,10.01504364,9.538662863,10.71960194,11.21310687,10.81596344,10.07765782,10.7813794,10.7669781,10.20761452,9.052139263,8.704927494,8.172480567,7.598811117,8.098298014,7.580742509,7.118512794,6.776192636,6.649167208,6.603282638,7.118207793,8.177221922,8.820342106
East Asia & Pacific,Lower middle income,,Lao PDR,2,2.400000095,2.5,2.5,2.599999905,1.899999976,2,2,1.899999976,1.899999976,1.799999952,1.799999952,2.099999905,2.400000095,1.399999976,1.399999976,1.399999976,1.399999976,1.399999976,1.399999976,1.299999952,1.299999952,1.299999952,1.299999952,1.299999952,1.399999976,1.5
Middle East & North Africa,Upper middle income,The new reference year is 2010.,Lebanon,8.800000191,8.399999619,8,7.800000191,8,8.300000191,6.099999905,8.300000191,8.5,8.800000191,8.100000381,8.100000381,8.5,7.800000191,8.100000381,8.399999619,9,7.199999809,6.199999809,6.199999809,6.099999905,6.199999809,6.199999809,6.199999809,6.199999809,6.5,6.699999809
Sub-Saharan Africa,Low income,National accounts local currency data have been revised to be reported in U.S. dollars instead of Liberian dollars.,Liberia,4.199999809,3.900000095,3.900000095,4.099999905,4.300000191,5.400000095,5.099999905,4.900000095,4.699999809,4.5,4.400000095,4.199999809,4.099999905,4,4.900000095,4.199999809,5.599999905,5.099999905,4.599999905,3.700000048,3.700000048,3.700000048,3.700000048,3.599999905,3.599999905,3.799999952,4
Middle East & North Africa,Upper middle income,Official statistics for Libya are not available; national accounts data are based on World Bank estimates.,Libya,19.79999924,17.5,17.60000038,17.79999924,17.39999962,17.89999962,17.89999962,17.89999962,17.89999962,18,17.79999924,17.79999924,18.10000038,17.79999924,17.89999962,17.70000076,17.60000038,17.39999962,17.10000038,17.10000038,15.19999981,19,18.79999924,18.60000038,18.5,18.20000076,17.70000076
Latin America & Caribbean,Upper middle income,,St. Lucia,25.5,26.5,16.79999924,19,15.89999962,16.29999924,20.5,21.60000038,18.10000038,16.5,16.79999924,14.69999981,22.20000076,21,18.70000076,16,14,12.69999981,15.39999962,20.60000038,18.89999962,19.10000038,22.20000076,22.70000076,24.10000038,23.10000038,22.29999924
,,Latin America and Caribbean regional aggregate (includes all income levels).,Latin America & Caribbean,7.82332131,8.492294027,8.267439997,8.473925884,9.462373774,9.959835033,9.501835592,10.61434665,11.17938381,10.78516939,10.0915208,10.77610188,10.74877974,10.19660614,9.055009198,8.695464332,8.15653199,7.618074311,8.169652011,7.63400092,7.154665883,6.801400184,6.663569044,6.627645979,7.110562308,8.141702694,8.769308752
,,Least developed countries (UN classification) aggregate.,Least developed countries: UN classification,4.914368677,5.286770988,5.141457166,5.201311711,5.320752304,5.219799225,5.627127011,5.245712777,5.553091442,5.138541198,5.537369243,5.35550724,5.612260893,5.64365607,5.694832473,5.742992338,5.62831808,5.218070303,5.495857534,5.496382242,5.565833767,5.369401632,5.298465328,5.306901409,5.368590781,5.402562058,5.409349053
,,"Low income group aggregate. Low-income economies are those in which 2015 GNI per capita was $1,025 or less.",Low income,5.436623933,5.564676296,5.527173341,5.487366635,5.383298202,5.500000059,5.438851066,5.696879528,5.700032343,5.280960813,5.874413349,5.550624122,5.589426356,5.504090939,5.663679399,5.725717421,5.764891367,5.553692895,5.51749665,5.533103344,5.566783643,5.413637018,5.345219076,5.383221709,5.464641103,5.528223166,5.537821918
South Asia,Lower middle income,Bureau of Census and Statistics revised national accounts from 2010-2015. Value added is in basic prices; prior to 2010 in producer prices.,Sri Lanka,14.69999981,14.19999981,13.69999981,13,12.19999981,11.30000019,10.60000038,9.100000381,8.899999619,7.699999809,7.900000095,8,8.199999809,8.399999619,7.699999809,6.5,6,5.199999809,5.900000095,4.900000095,4.199999809,4,4.400000095,4.400000095,4.699999809,4.400000095,4.599999905
,,"Lower middle income group aggregate. Lower-middle-income economies are those in which 2015 GNI per capita was between $1,026 and $4,035.",Lower middle income,5.066487366,5.178992256,5.3697486,5.438395755,5.174358581,5.238623038,5.554031652,5.311453545,5.599643405,5.74823657,5.852783866,6.099464117,6.026670973,5.986116229,6.193146387,5.924292478,5.430199077,5.421341005,5.557099652,5.306939839,5.482809515,5.298639941,5.272155218,5.071761948,5.058629962,5.013602218,5.068524519
,,"Low and middle income group aggregate (all developing economies). Low- and middle-income economies are those in which 2015 GNI per capita was $12,475 or less.",Low & middle income,5.878477433,5.57234574,5.629415344,5.744978382,5.851413616,5.962742701,6.103659982,6.282181535,6.466848349,6.329692671,6.315495739,6.391977621,6.34823719,6.212868874,6.094532232,5.883770703,5.524466468,5.616537007,5.814838947,5.598559595,5.612121173,5.528075092,5.490252173,5.436475775,5.495269646,5.639057844,5.740551276
Sub-Saharan Africa,Lower middle income,Fiscal year end: March 31; reporting period for national accounts data: CY. The new base year is 2012.,Lesotho,18.89999962,16.10000038,20.79999924,19.39999962,34.90000153,37,39.29999924,33.40000153,27.29999924,32.29999924,37.59999847,27.5,29.5,31.60000038,36,34.29999924,32.59999847,30.89999962,29.39999962,28,26.60000038,25.29999924,24.39999962,24.70000076,26.79999924,28.29999924,29.20000076
,,"Late-dividend countries are mostly upper-middle-income countries where fertility rates are typically above replacement levels of 2.1 births per woman, but fertility continues to decline.",Late-demographic dividend,6.256233128,5.534702811,5.419382877,5.622216579,5.827539411,5.911642618,6.04925291,6.531921175,6.624928104,6.320164836,6.074248895,5.964858903,5.922003827,5.816990357,5.461005627,5.296130721,4.942261417,5.171563182,5.402780419,5.178720151,5.085990619,5.096340289,5.065523873,5.035562163,5.116655129,5.388534955,5.536581143
Europe & Central Asia,High income,"A simple multiplier is used to convert the national currencies of EMU members to euros. The following irrevocable euro conversion rate entered into force on January 1, 2015: 1 euro = 3.45280 Lithuanian litas. Please note that historical data are not actual euros and are not comparable or suitable for aggregation across countries. Based on data from EUROSTAT, the new reference year is 2010.",Lithuania,15.80000019,9.899999619,12.69999981,17.29999924,17.5,15.60000038,14.10000038,13.69999981,13.39999962,15.89999962,16.79999924,13,12.89999962,10.69999981,8.300000191,5.800000191,4.199999809,5.800000191,13.80000019,17.79999924,15.39999962,13.39999962,11.80000019,10.69999981,9.100000381,7.900000095,8.100000381
Europe & Central Asia,High income,"A simple multiplier is used to convert the national currencies of EMU members to euros. The following irrevocable euro conversion rate was adopted by the EU Council on January 1, 1999: 1 euro = 40.3399 Luxembourg franc. Please note that historical data before 1999 are not actual euros and are not comparable or suitable for aggregation across countries.",Luxembourg,1.5,2,2.299999952,3.5,2.900000095,3.299999952,2.5,2.799999952,2.400000095,2.299999952,1.799999952,2.599999905,3.700000048,5.099999905,4.5,4.699999809,4.099999905,5.099999905,5.099999905,4.400000095,4.900000095,5.099999905,5.800000191,5.900000095,6.699999809,6.300000191,6
Europe & Central Asia,High income,"A simple multiplier is used to convert the national currencies of EMU members to euros. The following irrevocable euro conversion rate entered into force on January 1, 2014: 1 euro = 0.702804 Latvian lats. Please note that historical data are not actual euros and are not comparable or suitable for aggregation across countries. Based on data from EUROSTAT, the new reference year is 2010.",Latvia,17.60000038,14,17.89999962,13.10000038,7.800000191,20.89999962,14.69999981,14.5,13.80000019,14.19999981,13.80000019,13.80000019,12.10000038,11.69999981,10,7,6.099999905,7.699999809,17.5,19.5,16.20000076,15,11.89999962,10.80000019,9.899999619,9.600000381,9.399999619
East Asia & Pacific,High income,"On 20 December 1999 China resumed its exercise of sovereignty over Macao. Unless otherwise noted, data for China do not include data for Hong Kong SAR, China; Macao SAR, China; or Taiwan, China.","Macao SAR, China",3,2.299999952,2,2.400000095,3.599999905,4.199999809,3.099999905,4.5,6.300000191,6.699999809,6.5,6.300000191,6.099999905,4.900000095,4.199999809,3.700000048,3,3,2.900000095,2.799999952,2.599999905,2,1.799999952,1.700000048,1.799999952,1.899999976,2.200000048
Middle East & North Africa,Lower middle income,,Morocco,17.29999924,16,15.89999962,19.60000038,22.89999962,18.10000038,16.89999962,19.10000038,13.89999962,13.60000038,12.5,11.60000038,11.89999962,10.80000019,11,9.699999809,9.800000191,9.600000381,9.100000381,9.100000381,8.899999619,9,9.199999809,9.899999619,9.699999809,10.80000019,10.80000019
Europe & Central Asia,Lower middle income,Due to data reliability issues estimates prior to 1995 have been deleted. The new base year is 2000.,Moldova,7.300000191,6.699999809,6.099999905,6.199999809,6.400000095,6.300000191,7.400000095,5.400000095,11.10000038,8.5,7.300000191,6.800000191,8,8.199999809,7.300000191,7.400000095,5.099999905,4,6.400000095,7.400000095,6.699999809,5.599999905,5.099999905,3.900000095,4.900000095,4.099999905,4.400000095
Sub-Saharan Africa,Low income,,Madagascar,4.5,2.799999952,1.5,3.599999905,2.099999905,1.5,2.299999952,3.099999905,3,5.800000191,5.599999905,5.400000095,5,3.799999952,2.599999905,3.900000095,5.599999905,5.400000095,4.300000191,3.799999952,2.700000048,1.299999952,1.299999952,1.399999976,1.799999952,2.200000048,2.400000095
South Asia,Upper middle income,,Maldives,1.5,2.700000048,3.200000048,1.600000024,0.800000012,0.800000012,0.899999976,0.899999976,1,2,3.099999905,4.900000095,4.199999809,3.599999905,3,2.5,2,1.700000048,1.399999976,1.100000024,1.299999952,1.5,1.799999952,5.199999809,5.099999905,4.400000095,4
,,Middle East and North Africa regional aggregate (includes all income levels).,Middle East & North Africa,12.29265477,12.86599877,13.40446456,13.30163527,14.07469042,13.86604511,13.21261639,13.07479326,12.04507663,12.68969446,12.73587023,13.03742783,13.31208405,12.09539205,11.82138536,10.95488387,10.42103861,10.00857891,10.21009912,10.44327915,11.17140365,11.39071486,10.97460476,11.08454464,11.0589948,11.07202339,10.94071234
Latin America & Caribbean,Upper middle income,,Mexico,3,3.099999905,3.200000048,4.199999809,6.900000095,5.199999809,4.099999905,3.599999905,2.5,2.599999905,2.5,2.900000095,3,3.700000048,3.599999905,3.599999905,3.599999905,3.900000095,5.400000095,5.300000191,5.199999809,4.900000095,4.900000095,4.800000191,4.300000191,3.900000095,3.799999952
,,"Middle income group aggregate. Middle-income economies are those in which 2015 GNI per capita was between $1,026 and $12,475.",Middle income,5.912655295,5.572943799,5.637467764,5.765441638,5.889062511,6.000231287,6.157973554,6.330438689,6.530530948,6.417822809,6.353019136,6.464410281,6.414393564,6.275387006,6.132981756,5.898101214,5.502286213,5.622441713,5.84331683,5.604973549,5.616650006,5.539738872,5.505316508,5.442116625,5.498576347,5.651239476,5.763330744
Europe & Central Asia,Upper middle income,,"Macedonia, FYR",30.60000038,30.5,30.20000076,31.29999924,31.20000076,35.59999847,36,34.5,32.40000153,32.20000076,30.5,31.89999962,36.70000076,37.20000076,37.29999924,36.09999847,35,33.79999924,32.20000076,32,31.39999962,31,29,28,26.10000038,23.70000076,24.39999962
Sub-Saharan Africa,Low income,The new base year is 1999.,Mali,7.199999809,7.099999905,12.19999981,11.89999962,7.400000095,8,3.299999952,7.400000095,10.5,8,7.599999905,7.300000191,4.5,8.800000191,9.600000381,10.39999962,11.69999981,10.60000038,9.399999619,7.300000191,6.900000095,6.900000095,7.300000191,8.199999809,10.60000038,10.60000038,9.699999809
Middle East & North Africa,High income,"A simple multiplier is used to convert the national currencies of EMU members to euros. The following irrevocable euro conversion rate entered into force on January 1, 2008: 1 euro = 0.4293 Maltese lira. Please note that historical data are not actual euros and are not comparable or suitable for aggregation across countries. National accounts data source from 1995 to 2015 is Eurostat; prior to 1995 is UN. The new reference year is 2010.",Malta,6.900000095,6.300000191,6.900000095,7,7,6.900000095,5.800000191,6.599999905,6.900000095,6.300000191,7.099999905,6.900000095,7.5,7.300000191,6.900000095,6.800000191,6.5,6,6.900000095,6.800000191,6.400000095,6.300000191,6.400000095,5.800000191,5.400000095,4.699999809,4.800000191
East Asia & Pacific,Lower middle income,Fiscal year end: March 31; reporting period for national accounts data: FY. Based on the governments Planning Department and the IMF national accounts have been revised from 2010 to 2015. The new base year is 2010/11.,Myanmar,0.800000012,0.800000012,0.800000012,0.800000012,0.899999976,0.899999976,0.899999976,0.899999976,0.800000012,0.800000012,0.800000012,0.800000012,0.800000012,0.800000012,0.800000012,0.800000012,0.800000012,0.800000012,0.800000012,0.800000012,0.800000012,0.800000012,0.800000012,0.800000012,0.800000012,0.800000012,0.800000012
,,Middle East and North Africa regional aggregate (does not include high-income economies).,Middle East & North Africa (excluding high income),13.05522687,13.56559233,14.31243961,14.30151261,15.39507042,15.11047595,14.2670339,14.0387896,13.0119386,13.79012355,13.80739562,14.07480409,14.39256392,12.99267592,12.75499505,11.79611493,11.31095938,10.95746503,11.16497334,11.53349295,12.48644794,12.83598245,12.36659733,12.55986947,12.58808466,12.64286756,12.45929854
Europe & Central Asia,Upper middle income,"Montenegro declared independence from Serbia and Montenegro on June 3, 2006. Where available, data for each country are shown separately. However, for Serbia, some indicators continue to include data for Montenegro through 2005.",Montenegro,19.29999924,19.29999924,19.39999962,19.39999962,18.79999924,18.70000076,18.70000076,20.79999924,19.39999962,19.10000038,18.79999924,18.60000038,20.89999962,19.39999962,19.5,18.39999962,19.39999962,16.79999924,19.10000038,19.70000076,19.70000076,19.60000038,19.5,18,17.5,17.70000076,17.70000076
East Asia & Pacific,Lower middle income,,Mongolia,6.800000191,7.699999809,8.600000381,9,5.5,6.699999809,7.699999809,5.900000095,4.699999809,4.599999905,4.599999905,6.199999809,6.800000191,3.599999905,3.299999952,3.200000048,7.199999809,5.599999905,5.900000095,6.5,7.699999809,8.199999809,7.900000095,7.900000095,7.400000095,6.800000191,6.400000095
Sub-Saharan Africa,Low income,,Mozambique,24.79999924,23.79999924,24.20000076,24,23.70000076,24.70000076,24.10000038,24,23.60000038,23.20000076,23.60000038,23.29999924,23.10000038,23.20000076,23.29999924,23.39999962,24.29999924,24,23.79999924,23.5,23.29999924,22.60000038,23.29999924,25.29999924,25.29999924,25,24.5
Sub-Saharan Africa,Lower middle income,Based on official statistics from the Ministry of Economic Affairs and Development; the base year has been returned to 2004.,Mauritania,9.399999619,10.30000019,10.39999962,10.10000038,10.39999962,10.30000019,10.10000038,10.19999981,10.30000019,10.10000038,10.19999981,10.10000038,10.19999981,10.19999981,10.30000019,10.5,10.10000038,10,10,10.10000038,10.10000038,10.10000038,10.10000038,10.10000038,9.899999619,10.10000038,10.19999981
Sub-Saharan Africa,Upper middle income,Authorities made significant revisions to the national accounts from 2006 to 2015.,Mauritius,10,3.299999952,3.900000095,4.5,9.600000381,5.800000191,6.599999905,6.900000095,7.699999809,8.800000191,6.800000191,7.199999809,7.699999809,8.5,9.600000381,9.100000381,8.5,7.199999809,7.300000191,7.699999809,7.900000095,8.699999809,7.599999905,7.699999809,7.900000095,7.300000191,7.400000095
Sub-Saharan Africa,Low income,Fiscal year end: March 31; reporting period for national accounts data: CY. The new base year is 2010.,Malawi,6.900000095,6.599999905,6.900000095,6.599999905,7,6.900000095,6.900000095,6.800000191,7.300000191,7.400000095,7.5,7.599999905,7.599999905,7.699999809,7.800000191,6.699999809,6.599999905,6.5,6.5,6.5,6.5,6.400000095,6.400000095,6.400000095,6.400000095,6.599999905,6.699999809
East Asia & Pacific,Upper middle income,,Malaysia,3.299999952,3.700000048,4.099999905,3.799999952,3.099999905,2.5,2.400000095,3.200000048,3.400000095,3,3.5,3.5,3.599999905,3.5,3.5,3.299999952,3.200000048,3.299999952,3.700000048,3.400000095,3.099999905,3,3.099999905,2.900000095,3.099999905,3.5,3.400000095
,,North America regional aggregate. There are no economies in North America classified as low or middle income.,North America,7.161172373,7.875755686,7.354931507,6.53077055,5.987347016,5.815430017,5.315064667,4.876296122,4.537999514,4.278884038,4.951047804,5.994514695,6.166793422,5.678098265,5.277501963,4.777134021,4.747403524,5.831720358,9.193646926,9.43874661,8.748564528,8.013271468,7.367215888,6.276511373,5.474991259,5.12933283,5.085804435
Sub-Saharan Africa,Upper middle income,Fiscal year end: March 31; reporting period for national accounts data: CY.,Namibia,19,19,19,19.39999962,19.29999924,19.29999924,19.5,19.5,19.5,20.29999924,20.20000076,21.39999962,20.39999962,21.89999962,20.10000038,20.60000038,21,20.79999924,24,19.5,20.20000076,20,19.20000076,18.39999962,19.60000038,23.39999962,22.29999924
East Asia & Pacific,High income,,New Caledonia,17.20000076,17.60000038,18,18.20000076,18.39999962,18.60000038,17.70000076,16.79999924,15.60000038,13.30000019,13.89999962,14.60000038,16.10000038,16.29999924,15.80000019,15.19999981,14.69999981,14.19999981,14,13.89999962,13.89999962,14,14,14,14,14.5,14.60000038
Sub-Saharan Africa,Low income,,Niger,2.799999952,5,3,2.799999952,5.099999905,3,3.200000048,3.099999905,3,3.799999952,1.5,2.299999952,1.700000048,2.700000048,3.099999905,2.900000095,2.400000095,2.400000095,2.400000095,2.400000095,2.400000095,2.5,2.400000095,2.5,2.400000095,2.599999905,2.599999905
Sub-Saharan Africa,Lower middle income,,Nigeria,5.900000095,6.199999809,6.199999809,6.199999809,6.199999809,6.900000095,4.599999905,5.199999809,5.900000095,6.699999809,6.800000191,6.800000191,6.900000095,7,7.099999905,7.099999905,7.099999905,7.199999809,7.199999809,7.300000191,7.300000191,7.599999905,7.099999905,4.800000191,4.300000191,5,5.5
Latin America & Caribbean,Lower middle income,,Nicaragua,14.39999962,14.39999962,13.39999962,12.5,16.89999962,14.89999962,13.30000019,13.19999981,10.89999962,9.800000191,6.400000095,12.19999981,8,6.699999809,5.599999905,5.300000191,5,6.199999809,8.199999809,8,7.400000095,6.699999809,5.300000191,5.900000095,5.800000191,6.099999905,6.199999809
Europe & Central Asia,High income,"A simple multiplier is used to convert the national currencies of EMU members to euros. The following irrevocable euro conversion rate was adopted by the EU Council on January 1, 1999: 1 euro = 2.20371 Netherlands guilder. Please note that historical data before 1999 are not actual euros and are not comparable or suitable for aggregation across countries.",Netherlands,7.300000191,5.599999905,6.300000191,7.199999809,7.199999809,6.400000095,5.5,4.400000095,3.599999905,2.700000048,2.099999905,2.599999905,3.599999905,4.599999905,4.699999809,3.900000095,3.200000048,2.799999952,3.400000095,4.400000095,5,5.800000191,7.199999809,7.400000095,6.900000095,6,4.900000095
Europe & Central Asia,High income,,Norway,5.400000095,5.900000095,6,5.300000191,6.300000191,5,4.699999809,3.700000048,3.200000048,3.5,3.700000048,4,4.199999809,4.300000191,4.400000095,3.400000095,2.5,2.599999905,3.099999905,3.5,3.200000048,3.099999905,3.400000095,3.5,4.300000191,4.699999809,4.5
South Asia,Low income,Fiscal year end: July 14; reporting period for national accounts data: FY.,Nepal,2.5,3.200000048,3.200000048,3.200000048,3.200000048,4.5,3.799999952,3.099999905,1.799999952,2,3.799999952,2.900000095,3.299999952,2.200000048,3.200000048,3.200000048,3.200000048,2.099999905,1.899999976,2.5,3.200000048,2.400000095,3.299999952,3,3.200000048,3.400000095,3.200000048
East Asia & Pacific,High income,Fiscal year end: March 31; reporting period for national accounts data: CY.,New Zealand,10.60000038,10.69999981,9.800000191,8.399999619,6.5,6.300000191,6.800000191,7.699999809,7,6.099999905,5.400000095,5.300000191,4.800000191,4,3.799999952,3.799999952,3.599999905,4,5.800000191,6.099999905,6,6.400000095,5.800000191,5.400000095,5.400000095,5.099999905,5.199999809
,,OECD members aggregate.,OECD members,6.691113628,7.231363082,7.701987497,7.744879371,7.489526082,7.348482384,7.053353651,6.941698058,6.726159226,6.299342346,6.30288898,6.873125589,7.020195184,6.928489197,6.64030443,6.066974373,5.619780728,5.94640682,8.112484566,8.307129045,7.920627387,7.939177312,7.875258133,7.342613033,6.753485155,6.315089012,6.097180906
Middle East & North Africa,High income,National Center for Statistics and Information revised national accounts from 2011 to 2015 based on the SNA 2008. Value added is in basic prices; and before 2011 in producer prices.,Oman,18.10000038,17.89999962,17.39999962,17.10000038,16.79999924,17.29999924,18,18.60000038,19.10000038,19.60000038,19.60000038,19.5,19.39999962,19.39999962,19.29999924,19.5,19.39999962,19.29999924,18.89999962,18.39999962,18.20000076,18,17.29999924,16.70000076,16.10000038,16.5,16.89999962
,,Other small states aggregate.,Other small states,11.14270823,10.75687068,11.7328971,11.93157294,14.15115135,14.13432856,14.79719969,13.89478744,13.24356372,13.81043754,14.48478733,13.44463879,13.93148942,13.85783574,13.76984858,12.96600501,12.53543373,11.61667207,12.51143812,12.31102899,12.01567478,11.88275533,11.80424002,11.62687577,11.62173596,11.92339686,11.92843729
South Asia,Lower middle income,Fiscal year end: June 30; reporting period for national accounts data: FY.,Pakistan,5.800000191,5.199999809,4.300000191,4.300000191,5,5.400000095,5.800000191,5.699999809,5.900000095,7.199999809,7.800000191,7.800000191,8.300000191,7.400000095,7.699999809,6.099999905,5.099999905,5,5.5,5.599999905,6,6,6.199999809,5.599999905,5.900000095,5.900000095,5.900000095
Latin America & Caribbean,Upper middle income,Based on government statistics national accounts have been revised from 2014.,Panama,16.10000038,14.69999981,13.30000019,14,14,14.5,13.39999962,14,11.80000019,13.5,14,13.5,13,11.69999981,9.800000191,8.699999809,6.400000095,5.599999905,6.599999905,6.5,4.5,4,4.099999905,4.800000191,4.5,4.400000095,4.699999809
Latin America & Caribbean,Upper middle income,,Peru,6.400000095,9.399999619,7.099999905,7.199999809,8.399999619,7.099999905,7.699999809,7.800000191,8,7.300000191,7.900000095,7.699999809,8.300000191,9,8.300000191,7.199999809,6.5,6.599999905,4.400000095,4,3.900000095,3.599999905,4,6,6.400000095,6.699999809,6.800000191
East Asia & Pacific,Lower middle income,,Philippines,9,8.600000381,8.899999619,8.399999619,8.399999619,7.400000095,7.800000191,9.399999619,9.399999619,11.19999981,11,11.5,11.39999962,11.80000019,7.699999809,8,7.400000095,7.300000191,7.5,7.400000095,7,7,7.099999905,6.599999905,6.300000191,5.5,5.699999809
East Asia & Pacific,Lower middle income,,Papua New Guinea,2.700000048,2.599999905,2.599999905,2.599999905,2.700000048,2.599999905,2.700000048,2.599999905,2.700000048,2.900000095,2.700000048,2.599999905,2.700000048,2.700000048,2.599999905,2.599999905,2.5,2.5,2.5,2.5,2.599999905,2.599999905,2.599999905,2.599999905,2.599999905,2.5,2.599999905
Europe & Central Asia,High income,,Poland,11.89999962,13.30000019,14,14.39999962,13.30000019,12.39999962,11,9.899999619,12.30000019,16.29999924,18.39999962,19.89999962,19.39999962,19.10000038,17.70000076,13.80000019,9.600000381,7.099999905,8.199999809,9.600000381,9.600000381,10.10000038,10.30000019,9,7.5,6.199999809,5.099999905
,,"Pre-dividend countries are mostly low-income countries, lagging in key human development indicators and with current fertility levels above four births per woman. They face very rapid population growth.",Pre-demographic dividend,7.099985525,7.188845659,7.262366975,7.185826615,7.04749613,7.389875762,6.759724603,6.949270042,6.936356434,7.183024122,7.321551222,7.210280706,7.749430841,7.723643136,7.547477287,7.496858298,7.430347131,7.262153934,7.266985819,7.281144378,7.330485326,7.029213268,6.963015735,6.58681266,6.552558951,6.680943637,6.756857943
Latin America & Caribbean,High income,Fiscal year end: June 30; reporting period for national accounts data: FY.,Puerto Rico,16.20000076,16.89999962,16.89999962,14.60000038,13.89999962,13.60000038,13.80000019,13.5,11.80000019,10.10000038,11.30000019,11.89999962,11.80000019,10.30000019,11.39999962,11,10.89999962,11.5,15,16.10000038,15.69999981,14.5,14.30000019,13.89999962,12,11.80000019,12.30000019
East Asia & Pacific,Low income,,"Korea, Dem. Peoples Rep.",5.800000191,6.5,5.599999905,4.800000191,5.300000191,4.699999809,4.5,4.5,4.599999905,4.400000095,4.5,4.400000095,4.400000095,4.5,4.5,4.400000095,4.400000095,4.400000095,4.300000191,4.300000191,4.300000191,4.300000191,4.300000191,4.300000191,4.300000191,4.300000191,4.199999809
Europe & Central Asia,High income,"A simple multiplier is used to convert the national currencies of EMU members to euros. The following irrevocable euro conversion rate was adopted by the EU Council on January 1, 1999: 1 euro = 200.482 Portuguese escudo. Please note that historical data before 1999 are not actual euros and are not comparable or suitable for aggregation across countries.",Portugal,3.900000095,4,5.300000191,6.699999809,7.099999905,7.300000191,6.599999905,4.699999809,4.599999905,3.799999952,3.799999952,4.5,6.099999905,6.300000191,7.599999905,7.599999905,8,7.599999905,9.399999619,10.80000019,12.69999981,15.5,16.20000076,13.89999962,12.39999962,11.10000038,9.899999619
Latin America & Caribbean,Upper middle income,,Paraguay,6.400000095,7.5,5.099999905,4.400000095,3.400000095,8.199999809,5.400000095,5.300000191,6.599999905,7.599999905,7.599999905,10.69999981,7.900000095,7.400000095,5.800000191,6.699999809,5.599999905,5.599999905,6.5,5.699999809,5.5,4.800000191,5,6,5.300000191,5.400000095,5.5
Middle East & North Africa,Lower middle income,WB-3 code changed from WBG to PSE to align with ISO code. National accounts local currency data are reported in U.S. dollars.,West Bank and Gaza,26.60000038,29.20000076,24.79999924,26.5,23.5,23.79999924,20.29999924,14.60000038,11.60000038,14.19999981,24.89999962,30.70000076,24.39999962,26.79999924,23.5,23.60000038,23.79999924,24,24.60000038,23.70000076,20.89999962,23,23.39999962,26.89999962,25.89999962,27,26
,,Pacific island small states aggregate.,Pacific island small states,11.7686972,11.56606623,12.04708764,12.09621203,11.98154017,12.39837851,13.127296,14.45238324,14.58273759,14.28846551,13.57888088,14.51208349,14.34330574,12.43760792,12.49359372,13.41233744,14.75943727,14.48292051,14.75320554,14.79583723,14.6078269,14.92629491,14.93467467,15.00200417,15.10470887,14.93098669,14.79462854
,,Post-dividend countries are mostly high-income countries where fertility has transitioned below replacement levels.,Post-demographic dividend,6.658221753,7.279153419,7.738980394,7.653796709,7.254913441,7.332611746,7.204009011,7.274920361,6.997159185,6.444982698,6.295442338,6.675884101,6.785486298,6.58782936,6.273754364,5.873882954,5.483337292,5.829108767,7.977977407,8.260418327,7.964161728,8.0459844,7.952748824,7.411958638,6.809340398,6.347689873,6.095610263
East Asia & Pacific,High income,,French Polynesia,13.69999981,13.60000038,13.39999962,13.19999981,13,12.89999962,12.5,12.10000038,11.5,11.30000019,11.5,11.69999981,12.5,11.89999962,11.89999962,11.89999962,11.69999981,11.60000038,11.5,14.39999962,17.70000076,21.79999924,21.60000038,21.39999962,21.39999962,18.20000076,16.39999962
Middle East & North Africa,High income,,Qatar,0.699999988,0.5,0.400000006,0.400000006,0.300000012,0.300000012,4.300000191,0.5,0.300000012,1.399999976,2.599999905,4.599999905,3.799999952,2,1.5,1.299999952,0.600000024,0.300000012,0.400000006,0.400000006,0.600000024,0.400000006,0.300000012,0.200000003,0.200000003,0.200000003,0.300000012
Europe & Central Asia,Upper middle income,WB-3 code changed from ROM to ROU to align with ISO code.,Romania,5.599999905,6.599999905,7.400000095,8.199999809,8,6.699999809,5.5,5.599999905,6.199999809,7,6.599999905,8.100000381,7,7.699999809,7.199999809,7.300000191,6.400000095,5.800000191,6.900000095,7,7.199999809,6.800000191,7.099999905,6.800000191,6.800000191,5.900000095,5.900000095
Europe & Central Asia,Upper middle income,The new base year is 2011.,Russian Federation,12.10000038,5.199999809,5.900000095,8.100000381,9.399999619,9.699999809,11.80000019,13.30000019,13,10.60000038,9,7.900000095,8.199999809,7.800000191,7.099999905,7.099999905,6,6.199999809,8.300000191,7.300000191,6.5,5.5,5.5,5.199999809,5.599999905,5.5,5.300000191
Sub-Saharan Africa,Low income,,Rwanda,0.300000012,2.299999952,1.600000024,1.100000024,0.800000012,0.600000024,1.5,3.200000048,1.200000048,3.299999952,3.400000095,0.899999976,1,2.799999952,2.400000095,2.700000048,2.799999952,0.699999988,2.200000048,2.599999905,2.900000095,3.400000095,3.400000095,3.400000095,3.400000095,2.799999952,2.599999905
,,South Asia regional aggregate. There are no economies in South Asia classified as high income.,South Asia,4.186289667,4.26958652,4.229176739,3.78234526,4.122413332,4.064903508,4.614312783,3.887179735,4.352324684,4.402883538,4.26073117,4.491423078,4.38927597,4.316826399,4.72319776,4.527903891,3.926036248,4.097306081,4.185814218,3.915974085,4.042133027,4.024367897,3.985691361,3.842509317,3.886744525,3.885137102,3.949545249
Middle East & North Africa,High income,Based on data from the Saudi Central Department of Statistics and Information under the authority of the Ministry of Economy and Planning.,Saudi Arabia,7,6.699999809,5.800000191,5.900000095,5.699999809,6.199999809,6.400000095,6.900000095,4.400000095,4.599999905,4.599999905,5.300000191,5.599999905,5.800000191,6,6.199999809,5.699999809,5.099999905,5.400000095,5.599999905,5.699999809,5.5,5.599999905,5.699999809,5.599999905,5.5,5.5
Sub-Saharan Africa,Lower middle income,"Demographic data (total population, life expectancy, fertility, child mortality, migration), education series, and HIV prevalence are reported separately for Sudan and South Sudan; see specific notes for other series. National accounts data exclude South Sudan after July 9, 2011. Other data reported for Sudan generally include South Sudan to 2011 unless otherwise noted. External debt data and land-related data (including population density, but excluding surface area after 2010) for all years include South Sudan.",Sudan,15,14.60000038,14.80000019,14.60000038,14.60000038,14.69999981,14.69999981,14,14,14.10000038,14.19999981,14.19999981,14.30000019,14.39999962,14.5,14.60000038,14.69999981,14.80000019,13,13,12.89999962,12.89999962,13,13,13,13.10000038,13.30000019
Sub-Saharan Africa,Low income,,Senegal,10.39999962,7.900000095,8.100000381,8.5,8.899999619,10.19999981,10,8.600000381,8.300000191,9.899999619,9.100000381,5.599999905,8.100000381,8.399999619,8.5,10,8.800000191,9.5,10.10000038,9.199999809,10.39999962,10.39999962,10.39999962,10.39999962,10.39999962,9.800000191,9.5
East Asia & Pacific,High income,Fiscal year end: March 31; reporting period for national accounts data: CY. Country reports using a blend of SNA 1993 and SNA 2008.,Singapore,1.899999976,3.099999905,3.099999905,3,3.299999952,3.599999905,2.5,3.400000095,4.800000191,3.700000048,3.799999952,5.599999905,5.900000095,5.800000191,5.599999905,4.5,3.900000095,4,4.300000191,3.099999905,2.900000095,2.799999952,2.799999952,2.799999952,1.700000048,1.799999952,2.099999905
East Asia & Pacific,Lower middle income,,Solomon Islands,31.70000076,31.39999962,32,31.79999924,31.70000076,32.20000076,32.29999924,32.09999847,32.09999847,32.90000153,32.40000153,32,31.29999924,31.20000076,30.79999924,31.29999924,31.10000038,31,31.60000038,30.89999962,30.5,31,31.10000038,31.20000076,31.29999924,31.39999962,31.39999962
Sub-Saharan Africa,Low income,Fiscal year end: June 30; reporting period for national accounts data: CY.,Sierra Leone,2.900000095,2.900000095,3,3,2.900000095,2.799999952,2.799999952,3,2.900000095,3,3.099999905,3.200000048,3.099999905,3.400000095,3.299999952,3.200000048,3.099999905,3,3,3,3.299999952,3.099999905,2.900000095,2.799999952,2.5,2.700000048,2.799999952
Latin America & Caribbean,Lower middle income,,El Salvador,6.300000191,7.900000095,9.899999619,7.699999809,7.599999905,7.699999809,8,7.300000191,7.300000191,7,7,6.199999809,6.900000095,6.800000191,7.199999809,6.599999905,6.400000095,5.900000095,7.300000191,7,6.599999905,6.099999905,5.900000095,7,7,6.900000095,6.900000095
Sub-Saharan Africa,Low income,,Somalia,6.099999905,5.900000095,6,5.699999809,6,6.099999905,6,6,6,6,6,6,6,6,6,6,6.099999905,6.099999905,6.099999905,6.099999905,6.099999905,6.199999809,6.199999809,6.199999809,6.199999809,6.099999905,6
Europe & Central Asia,Upper middle income,"Montenegro declared independence from Serbia and Montenegro on June 3, 2006. Where available, data for each country are shown separately. However, for Serbia, some indicators, such as those series for which data appear only for Serbia and not Montenegro--e.g., aid, environment, external debt, balance of payments, various social indicators excluding population--continue to include data for Montenegro through 2005. Moreover, data from 1999 onward for Serbia for most indicators exclude data for Kosovo, 1999 being the year when Kosovo became a territory under international administration pursuant to UN Security Council Resolution 1244 (1999); any exceptions are noted. Kosovo became a World Bank member on June 29, 2009; available data are shown separately for Kosovo. In 2011, the Statistical Office of Serbia improved the methodology of national accounts data for 2003 onward. Specifically, the classification of sectors was revised. The new reference year for chain linked series is 2010.",Serbia,13.80000019,16.10000038,18.60000038,21.29999924,13.39999962,13.19999981,13.80000019,13.69999981,13.69999981,12.60000038,12.80000019,13.80000019,15.19999981,18.5,20.79999924,20.79999924,18.10000038,13.60000038,16.10000038,19.20000076,23,23.89999962,22.10000038,18.89999962,17.70000076,15.30000019,14.39999962
,,Sub-Saharan Africa regional aggregate (does not include high-income economies).,Sub-Saharan Africa (excluding high income),7.976416875,7.784494679,8.098577338,7.713781256,7.515184543,8.049609987,7.787988432,8.183177344,8.303170366,8.269222623,8.507118936,8.308527519,8.179086084,7.964854308,7.964775518,7.80971395,7.947515015,7.662422504,7.813062193,7.739617224,7.737021625,7.594854895,7.446567679,7.143741817,7.147708781,7.361326664,7.478603468
,,Sub-Saharan Africa regional aggregate (includes all income levels).,Sub-Saharan Africa,7.976416875,7.784494679,8.098577338,7.713781256,7.515184543,8.049609987,7.787988432,8.183177344,8.303170366,8.269222623,8.507118936,8.308527519,8.179086084,7.964854308,7.964775518,7.80971395,7.947515015,7.662422504,7.813062193,7.739617224,7.737021625,7.594854895,7.446567679,7.143741817,7.147708781,7.361326664,7.478603468
,,"Small states aggregate. Includes 41 members of the Small States Forum. (Does not include the high-income countries Bahrain, Brunei Darussalam, Cyprus, Estonia, Iceland, Malta, Qatar, and San Marino.)",Small states,12.24477818,12.20408582,12.96370993,12.89390088,14.30778117,14.23531884,14.7226962,13.96943656,13.47234177,13.68499857,13.9769736,13.32592681,13.37019829,13.07094794,12.90203934,12.08760231,11.76257042,11.28727972,12.16007633,12.16026622,11.90210171,11.92633462,11.98363748,11.69034,11.65303513,11.89943083,11.90465024
Sub-Saharan Africa,Lower middle income,The new base year is 2008.,Sao Tome and Principe,3.700000048,9.399999619,4.5,15.39999962,11.89999962,5.800000191,5.5,17.70000076,17.70000076,14.39999962,15.69999981,17.60000038,16.39999962,16.10000038,16.5,16.60000038,11.89999962,16.60000038,15.5,14.30000019,14.30000019,13.60000038,13.5,13.5,13.39999962,13.60000038,13.69999981
Latin America & Caribbean,Upper middle income,,Suriname,11.69999981,17.29999924,14.69999981,12.69999981,8.399999619,10.89999962,10.5,10.60000038,13.80000019,8.5,8.5,14.60000038,7.300000191,9.5,8.600000381,7.099999905,7.599999905,14.80000019,9,7.599999905,6.900000095,6.300000191,4.800000191,6.900000095,7.300000191,8.5,8.899999619
Europe & Central Asia,High income,"A simple multiplier is used to convert the national currencies of EMU members to euros. The following irrevocable euro conversion rate entered into force on January 1, 2009: 1 euro = 30.126 Slovak koruna. Please note that historical data are not actual euros and are not comparable or suitable for aggregation across countries.",Slovak Republic,12.30000019,12.30000019,12.19999981,13.69999981,13.10000038,11.30000019,11.89999962,12.19999981,15.89999962,19.10000038,19.39999962,18.70000076,17.10000038,18.60000038,16.29999924,13.39999962,11.10000038,9.5,12,14.39999962,13.60000038,14,14.19999981,13.19999981,11.5,9.699999809,9
Europe & Central Asia,High income,"A simple multiplier is used to convert the national currencies of EMU members to euros. The following irrevocable euro conversion rate entered into force on January 1, 2007: 1 euro = 239.64 Slovenian tolar. Please note that historical data are not actual euros and are not comparable or suitable for aggregation across countries.",Slovenia,7.099999905,7.699999809,8.5,8.199999809,7.199999809,6.900000095,6.599999905,7.400000095,7.300000191,6.900000095,5.699999809,5.900000095,6.5,6,6.5,6,4.800000191,4.400000095,5.900000095,7.199999809,8.199999809,8.800000191,10.10000038,9.699999809,9,8,7.5
Europe & Central Asia,High income,Fiscal year end: June 30; reporting period for national accounts data: CY.,Sweden,3.200000048,5.699999809,9.300000191,9.600000381,8.899999619,9.5,10.39999962,8.899999619,7.599999905,5.5,4.699999809,5,5.599999905,6.699999809,7.5,7.099999905,6.199999809,6.199999809,8.399999619,8.600000381,7.800000191,8,8.100000381,8,7.400000095,7,7.199999809
Sub-Saharan Africa,Lower middle income,Fiscal year end: March 31; reporting period for national accounts data: CY. Authorities revised national accounts from 1999 to 2015.,Swaziland,23.79999924,22.79999924,23.29999924,22.79999924,21.70000076,21.89999962,22.5,23,22.60000038,22.89999962,24.10000038,21.79999924,22.20000076,22.70000076,24.39999962,26.20000076,28.20000076,28.10000038,28,27.70000076,27.39999962,27.20000076,26.89999962,26.60000038,26.20000076,26,25.70000076
Middle East & North Africa,Lower middle income,,Syrian Arab Republic,6.800000191,7.300000191,7.400000095,7.400000095,7.199999809,12,15.19999981,10.39999962,7.599999905,9.600000381,11.60000038,11.69999981,10.30000019,9.800000191,9.199999809,8.199999809,8.399999619,10.89999962,8.100000381,8.399999619,14.89999962,14.5,14.39999962,14.5,14.60000038,14.5,14.19999981
Sub-Saharan Africa,Low income,,Chad,5.699999809,5.599999905,5.599999905,5.699999809,5.599999905,5.699999809,5.699999809,5.699999809,5.599999905,5.599999905,5.800000191,5.800000191,5.900000095,6.199999809,5.800000191,5.699999809,5.699999809,5.699999809,5.699999809,5.900000095,5.699999809,5.800000191,5.800000191,5.800000191,5.699999809,5.699999809,5.800000191
,,East Asia & Pacific (IDA & IBRD countries) aggregate.,East Asia & Pacific (IDA & IBRD countries),4.508279904,4.087007063,4.16877287,4.500634344,4.269432416,4.30408734,4.375675083,4.64737825,4.712601199,4.584731388,4.810450245,4.794636909,4.774989895,4.810010005,4.668024643,4.513383268,4.22725291,4.583783722,4.498415428,4.321097809,4.3803394,4.357355128,4.39258416,4.403987719,4.350318498,4.353926284,4.363791246
,,Europe & Central Asia (IDA & IBRD countries) aggregate.,Europe & Central Asia (IDA & IBRD countries),10.00140334,8.185982226,8.229263433,9.223422868,9.238932317,9.402687948,10.18183225,10.95517189,11.2899673,10.7478113,10.50926147,10.28210037,10.10055901,9.936330248,9.308870236,8.706522433,7.702624409,7.454218103,9.104665616,8.680359315,8.184415209,7.725918415,7.777997388,7.821319095,7.776984219,7.580359444,7.461464008
Sub-Saharan Africa,Low income,,Togo,6.300000191,6.300000191,6.099999905,6.599999905,6.699999809,6.300000191,6.5,6.400000095,6.400000095,6.400000095,6.400000095,6.300000191,6.400000095,6.400000095,6.300000191,6.400000095,6.300000191,6.300000191,6.300000191,6.300000191,6.300000191,6.300000191,6.199999809,6.199999809,6.199999809,6.199999809,6.199999809
East Asia & Pacific,Upper middle income,Fiscal year end: September 30; reporting period for national accounts data: CY.,Thailand,2.700000048,1.399999976,1.5,1.399999976,1.100000024,1.100000024,0.899999976,3.400000095,3,2.400000095,2.599999905,1.799999952,1.5,1.5,1.399999976,1.200000048,1.200000048,1.200000048,1.5,1,0.699999988,0.600000024,0.800000012,0.800000012,1,0.899999976,1
Europe & Central Asia,Lower middle income,,Tajikistan,11,10.80000019,10.69999981,10.60000038,10.80000019,11.39999962,11.80000019,11.80000019,12,11.80000019,11.69999981,11.89999962,11.69999981,11.80000019,11.5,11.5,11.39999962,11.19999981,11.5,11.5,11.19999981,10.89999962,10.89999962,10.80000019,10.80000019,10.80000019,10.80000019
Europe & Central Asia,Upper middle income,,Turkmenistan,8.899999619,8.899999619,8.800000191,8.699999809,8.800000191,9.100000381,9.100000381,9.199999809,9.199999809,9.199999809,9.199999809,9.199999809,9.199999809,9.199999809,9.199999809,9.100000381,9.199999809,9.199999809,9.100000381,9.100000381,9.100000381,9,9,8.899999619,8.800000191,8.699999809,8.600000381
,,Latin America & the Caribbean (IDA & IBRD countries) aggregate.,Latin America & the Caribbean (IDA & IBRD countries),7.839339643,8.518815589,8.278839074,8.513366569,9.450427589,9.984231637,9.521885904,10.69171775,11.28203415,10.90603875,10.20992457,10.92315704,10.91099179,10.35839025,9.179988668,8.814791049,8.26536851,7.713023659,8.254937895,7.683919847,7.180926292,6.819256902,6.681484292,6.659567241,7.168736286,8.221164428,8.858241219
East Asia & Pacific,Lower middle income,WB-3 code changed from TMP to TLS to align with ISO code.,Timor-Leste,5.800000191,5.199999809,4.5,4.699999809,4.900000095,5.099999905,5.199999809,5.400000095,5.699999809,5.800000191,9.899999619,9.199999809,8.5,7.900000095,7.199999809,6.400000095,6.699999809,5.699999809,4.800000191,3,3.099999905,3.200000048,3.200000048,3.299999952,3.299999952,3.799999952,4.099999905
,,Middle East & North Africa (IDA & IBRD countries) aggregate.,Middle East & North Africa (IDA & IBRD countries),12.96324806,13.45732561,14.23847191,14.21486818,15.33637176,15.04626937,14.22172448,14.03458464,13.02241826,13.78708427,13.72491126,13.95289045,14.3173005,12.88582986,12.67112042,11.70174558,11.20767945,10.8444113,11.05064178,11.42946708,12.40955322,12.73935933,12.25942468,12.41237612,12.44538962,12.48674844,12.30892441
East Asia & Pacific,Upper middle income,,Tonga,5.400000095,5.400000095,5.199999809,5.099999905,5.099999905,5.099999905,5.199999809,5.099999905,5.199999809,5.199999809,5.199999809,5.199999809,5.199999809,5.199999809,5.199999809,5.199999809,5.099999905,5,5,5,5,5,5.099999905,5.099999905,5.099999905,5,4.900000095
,,South Asia (IDA & IBRD countries) aggregate.,South Asia (IDA & IBRD),4.186289667,4.26958652,4.229176739,3.78234526,4.122413332,4.064903508,4.614312783,3.887179735,4.352324684,4.402883538,4.26073117,4.491423078,4.38927597,4.316826399,4.72319776,4.527903891,3.926036248,4.097306081,4.185814218,3.915974085,4.042133027,4.024367897,3.985691361,3.842509317,3.886744525,3.885137102,3.949545249
,,Sub-Saharan Africa (IDA & IBRD countries) aggregate.,Sub-Saharan Africa (IDA & IBRD countries),7.976416875,7.784494679,8.098577338,7.713781256,7.515184543,8.049609987,7.787988432,8.183177344,8.303170366,8.269222623,8.507118936,8.308527519,8.179086084,7.964854308,7.964775518,7.80971395,7.947515015,7.662422504,7.813062193,7.739617224,7.737021625,7.594854895,7.446567679,7.143741817,7.147708781,7.361326664,7.478603468
Latin America & Caribbean,High income,,Trinidad and Tobago,18.5,19.70000076,19.79999924,18.39999962,17.20000076,16.20000076,15,14.19999981,13.10000038,12.39999962,10.80000019,10.39999962,10.5,8.300000191,8,6.300000191,5.5,4.599999905,5.300000191,5.900000095,4.699999809,5,4.400000095,3.299999952,3.400000095,3.900000095,4.400000095
Middle East & North Africa,Lower middle income,,Tunisia,15.39999962,15.89999962,16.39999962,17.20000076,14.19999981,15,15.89999962,16.79999924,16,15.69999981,15.10000038,15.30000019,14.5,13.89999962,12.89999962,12.5,12.39999962,12.39999962,13.30000019,13,18.29999924,17.60000038,15.89999962,15.10000038,15.19999981,14.89999962,14.69999981
Europe & Central Asia,Upper middle income,,Turkey,8.199999809,8.5,9,8.600000381,7.599999905,6.599999905,6.800000191,6.900000095,7.699999809,6.5,8.399999619,10.39999962,10.5,10.80000019,10.60000038,8.699999809,8.899999619,9.699999809,12.60000038,10.69999981,8.800000191,8.100000381,8.699999809,9.899999619,10.19999981,10.80000019,11.39999962
Sub-Saharan Africa,Low income,Tanzania reports using a blend of SNA 1993 and SNA 2008.,Tanzania,3.599999905,4.099999905,3.900000095,3.799999952,3.5,4,3.5,3.400000095,3.900000095,3.700000048,5.099999905,3.599999905,3.299999952,2.799999952,3.599999905,3,2,2.400000095,2.5,2.900000095,3.5,3.200000048,2.900000095,2.099999905,2.099999905,2.400000095,2.700000048
Sub-Saharan Africa,Low income,Fiscal year end: June 30; reporting period for national accounts data: FY.,Uganda,0.899999976,2.299999952,2.900000095,2.700000048,1.899999976,2.900000095,1.799999952,2.700000048,2.599999905,1.700000048,2.200000048,3.5,3.200000048,2.599999905,1.899999976,3.299999952,2.799999952,1.799999952,2.799999952,3.099999905,3.400000095,1.5,1.899999976,1.899999976,1.899999976,2.099999905,2.299999952
Europe & Central Asia,Lower middle income,The new base year is 2010.,Ukraine,6.800000191,9.399999619,8.199999809,6.800000191,5.599999905,7.599999905,8.899999619,11.30000019,11.60000038,11.60000038,10.89999962,9.600000381,9.100000381,8.600000381,7.199999809,6.800000191,6.400000095,6.400000095,8.800000191,8.100000381,7.900000095,7.5,7.199999809,9.300000191,9.100000381,9.199999809,9
,,"Upper middle income group aggregate. Upper-middle-income economies are those in which 2015 GNI per capita was between $4,036 and $12,475.",Upper middle income,6.518970847,5.857715031,5.8329788,6.00682292,6.420050129,6.568642324,6.612080621,7.104966879,7.243103641,6.934421749,6.744285112,6.753036747,6.725117651,6.509482876,6.083677765,5.876560449,5.56175348,5.788965063,6.081653809,5.854876852,5.729613601,5.744513056,5.706020177,5.765279333,5.886324973,6.221447681,6.3934985
Latin America & Caribbean,High income,,Uruguay,9,9,8.399999619,9,10,10.80000019,11.39999962,9.800000191,11.30000019,13.30000019,14.89999962,17,16.39999962,15.19999981,12.19999981,10.60000038,9.199999809,7.699999809,7.300000191,6.800000191,6.300000191,6.400000095,6.400000095,6.5,7.5,7.800000191,8.300000191
North America,High income,Fiscal year end: September 30; reporting period for national accounts data: CY.,United States,6.800000191,7.5,6.900000095,6.099999905,5.599999905,5.400000095,4.900000095,4.5,4.199999809,4,4.699999809,5.800000191,6,5.5,5.099999905,4.599999905,4.599999905,5.800000191,9.300000191,9.600000381,8.899999619,8.100000381,7.400000095,6.199999809,5.300000191,4.900000095,4.900000095
Europe & Central Asia,Lower middle income,,Uzbekistan,9,8.800000191,8.899999619,8.899999619,8.899999619,9.199999809,9.199999809,9.199999809,9.100000381,9.100000381,9.199999809,9.199999809,9.199999809,9.199999809,9.199999809,9.199999809,9.199999809,9.199999809,9.199999809,9.100000381,9.100000381,9,9,8.899999619,8.800000191,8.800000191,8.699999809
Latin America & Caribbean,Upper middle income,,St. Vincent and the Grenadines,19.79999924,19.79999924,20,20.20000076,20.39999962,20.5,19.89999962,19.39999962,19,20.29999924,21.10000038,20.60000038,20.20000076,19.79999924,19.39999962,19.10000038,18.79999924,18.79999924,19.10000038,19.10000038,18.5,18.29999924,18,18.39999962,18.20000076,18.79999924,18.79999924
Latin America & Caribbean,Upper middle income,,"Venezuela, RB",9.5,7.699999809,6.699999809,8.600000381,10.19999981,12.39999962,10.60000038,11,14.5,13.19999981,12.80000019,16.20000076,16.79999924,15,11.39999962,9.300000191,7.5,6.800000191,8,8.399999619,7.800000191,7.400000095,7.800000191,7,6.800000191,7.199999809,7.300000191
Latin America & Caribbean,High income,,Virgin Islands (U.S.),8.899999619,8.899999619,7.599999905,9.899999619,9,8.5,9.199999809,7.900000095,8.600000381,6.599999905,8,3.299999952,8.800000191,8.399999619,8.399999619,8,7.900000095,8.399999619,9,7.900000095,9.100000381,9.899999619,9,8.199999809,8.100000381,8,7.900000095
East Asia & Pacific,Lower middle income,,Vietnam,2.700000048,2.599999905,2.900000095,2.5,2.099999905,1.899999976,2.900000095,2.299999952,2.299999952,2.299999952,2.799999952,2.099999905,2.299999952,2.099999905,2.299999952,2.400000095,2.400000095,2.299999952,2.599999905,2.599999905,2,1.799999952,2,1.899999976,2.099999905,2.200000048,2.200000048
East Asia & Pacific,Lower middle income,"Based on official government statistics, value added is measured at producer prices through 1997 and at basic prices from 1998 onward.",Vanuatu,5.800000191,5.800000191,5.800000191,5.699999809,5.699999809,5.699999809,5.699999809,5.800000191,5.800000191,5.699999809,5.800000191,5.800000191,5.699999809,5.699999809,5.599999905,5.599999905,5.5,5.5,5.5,5.400000095,5.400000095,5.400000095,5.300000191,5.300000191,5.300000191,5.400000095,5.400000095
,,World aggregate.,World,6.067135392,5.931757312,6.069112811,6.15756149,6.157731602,6.251030737,6.316589553,6.446131185,6.558031316,6.368510855,6.352165068,6.512166908,6.502458178,6.35545323,6.200841816,5.927960809,5.541535421,5.66758594,6.210754322,6.081802321,6.028743595,5.970743099,5.920119864,5.763528822,5.702296284,5.738687187,5.779639779
East Asia & Pacific,Upper middle income,"Fiscal year ends on June 30; reporting period for national accounts data: FY. Data are revised from Samoa Bureau of Statistics and Central Bank of Samoa. The base year is 2008/09. Other methodological changes include increased reliance on summary data from the countrys Value Added Goods and Services Tax system, incorporation of more recent benchmarks, and use of improved data sources.",Samoa,2.099999905,3.200000048,3.299999952,5.699999809,5.5,4.900000095,9.100000381,9,8.899999619,4.300000191,5,5.900000095,4.800000191,2.099999905,5.199999809,1.299999952,8.800000191,2.299999952,4.400000095,8,5.699999809,8.699999809,8.800000191,8.699999809,8.800000191,7.699999809,6.599999905
Middle East & North Africa,Lower middle income,"Based on official government statistics and International Monetary Fund data, national accounts data have been revised for 1990 onward. The base year has reverted to 1990.","Yemen, Rep.",10.60000038,13,15.80000019,8.300000191,15.10000038,16.10000038,16.39999962,13.19999981,11.5,11.60000038,12.60000038,16.10000038,12.5,16.20000076,16.10000038,15.69999981,15.39999962,15,14.60000038,17.79999924,17.29999924,17.60000038,17.60000038,17.39999962,16.70000076,16.20000076,16
Sub-Saharan Africa,Upper middle income,Fiscal year end: March 31; reporting period for national accounts data: CY.,South Africa,25.39999962,22.39999962,25.89999962,20,16.89999962,21,22.89999962,25,25.39999962,26.70000076,26.20000076,26.60000038,27.10000038,24.70000076,23.79999924,22.60000038,22.5,22.39999962,23.5,24.70000076,24.60000038,24.70000076,24.60000038,24.89999962,25.20000076,26.70000076,27.29999924
Sub-Saharan Africa,Lower middle income,"The base year is 2010. National accounts data were rebased to reflect the January 1, 2013, introduction of the new Zambian kwacha at a rate of 1,000 old kwacha = 1 new kwacha. Zambia reports using SNA 2008.",Zambia,18.89999962,19.29999924,19.70000076,18.60000038,17.39999962,15,13.5,12,12.5,12.89999962,13.69999981,12.69999981,15.5,15.5,15.89999962,14.30000019,12.10000038,7.900000095,8.600000381,10.80000019,13.60000038,7.800000191,7.800000191,7.699999809,7.699999809,7.599999905,7.400000095
Sub-Saharan Africa,Low income,"Fiscal year end: June 30; reporting period for national accounts data: CY. As of January 2009, multiple hard currencies, such as rand, pound sterling, euro and U.S. dollar are in use. Data are reported in U.S. dollars, the most-used currency.",Zimbabwe,5.800000191,5.900000095,6,5,5.5,6,6.900000095,6.599999905,6,4.699999809,6.099999905,5.199999809,4.5,4.199999809,4.800000191,5.599999905,5.5,5.400000095,5.5,6.199999809,5.400000095,5.300000191,5.199999809,5.099999905,5.099999905,5.199999809,5.300000191
